LapTime,Position,Driver,DriverNumber,TeamName,LapNumber,Compound,Stint,PitInTime,PitOutTime,PitStopFlag,LapSeconds
0 days 00:01:28.179000,2.0,Charles Leclerc,16,Ferrari,1.0,MEDIUM,1.0,,,False,88.179
0 days 00:01:25.396000,2.0,Charles Leclerc,16,Ferrari,2.0,MEDIUM,1.0,,,False,85.396
0 days 00:01:25.179000,2.0,Charles Leclerc,16,Ferrari,3.0,MEDIUM,1.0,,,False,85.179
0 days 00:01:24.810000,2.0,Charles Leclerc,16,Ferrari,4.0,MEDIUM,1.0,,,False,84.81
0 days 00:01:24.603000,2.0,Charles Leclerc,16,Ferrari,5.0,MEDIUM,1.0,,,False,84.603
0 days 00:01:24.663000,2.0,Charles Leclerc,16,Ferrari,6.0,MEDIUM,1.0,,,False,84.663
0 days 00:01:24.434000,2.0,Charles Leclerc,16,Ferrari,7.0,MEDIUM,1.0,,,False,84.434
0 days 00:01:24.569000,2.0,Charles Leclerc,16,Ferrari,8.0,MEDIUM,1.0,,,False,84.569
0 days 00:01:24.362000,2.0,Charles Leclerc,16,Ferrari,9.0,MEDIUM,1.0,,,False,84.362
0 days 00:01:24.432000,2.0,Charles Leclerc,16,Ferrari,10.0,MEDIUM,1.0,,,False,84.432
0 days 00:01:24.846000,2.0,Charles Leclerc,16,Ferrari,11.0,MEDIUM,1.0,,,False,84.846
0 days 00:01:24.916000,2.0,Charles Leclerc,16,Ferrari,12.0,MEDIUM,1.0,,,False,84.916
0 days 00:01:25.529000,2.0,Charles Leclerc,16,Ferrari,13.0,MEDIUM,1.0,,,False,85.529
0 days 00:01:25.606000,2.0,Charles Leclerc,16,Ferrari,14.0,MEDIUM,1.0,,,False,85.606
0 days 00:01:30.192000,3.0,Charles Leclerc,16,Ferrari,15.0,MEDIUM,1.0,0 days 01:17:08.772000,,True,90.192
0 days 00:01:44.888000,7.0,Charles Leclerc,16,Ferrari,16.0,HARD,2.0,,0 days 01:17:33.191000,True,104.888
0 days 00:01:24.270000,6.0,Charles Leclerc,16,Ferrari,17.0,HARD,2.0,,,False,84.27
0 days 00:01:23.875000,6.0,Charles Leclerc,16,Ferrari,18.0,HARD,2.0,,,False,83.875
0 days 00:01:24.203000,6.0,Charles Leclerc,16,Ferrari,19.0,HARD,2.0,,,False,84.203
0 days 00:01:23.826000,5.0,Charles Leclerc,16,Ferrari,20.0,HARD,2.0,,,False,83.826
0 days 00:01:23.880000,5.0,Charles Leclerc,16,Ferrari,21.0,HARD,2.0,,,False,83.88
0 days 00:01:23.768000,5.0,Charles Leclerc,16,Ferrari,22.0,HARD,2.0,,,False,83.768
0 days 00:01:23.864000,3.0,Charles Leclerc,16,Ferrari,23.0,HARD,2.0,,,False,83.864
0 days 00:01:23.640000,3.0,Charles Leclerc,16,Ferrari,24.0,HARD,2.0,,,False,83.64
0 days 00:01:23.590000,3.0,Charles Leclerc,16,Ferrari,25.0,HARD,2.0,,,False,83.59
0 days 00:01:23.321000,3.0,Charles Leclerc,16,Ferrari,26.0,HARD,2.0,,,False,83.321
0 days 00:01:23.534000,3.0,Charles Leclerc,16,Ferrari,27.0,HARD,2.0,,,False,83.534
0 days 00:01:23.284000,3.0,Charles Leclerc,16,Ferrari,28.0,HARD,2.0,,,False,83.284
0 days 00:01:23.229000,3.0,Charles Leclerc,16,Ferrari,29.0,HARD,2.0,,,False,83.229
0 days 00:01:23.359000,3.0,Charles Leclerc,16,Ferrari,30.0,HARD,2.0,,,False,83.359
0 days 00:01:23.972000,3.0,Charles Leclerc,16,Ferrari,31.0,HARD,2.0,,,False,83.972
0 days 00:01:23.274000,2.0,Charles Leclerc,16,Ferrari,32.0,HARD,2.0,,,False,83.274
0 days 00:01:23.226000,2.0,Charles Leclerc,16,Ferrari,33.0,HARD,2.0,,,False,83.226
0 days 00:01:23.430000,2.0,Charles Leclerc,16,Ferrari,34.0,HARD,2.0,,,False,83.43
0 days 00:01:23.681000,2.0,Charles Leclerc,16,Ferrari,35.0,HARD,2.0,,,False,83.681
0 days 00:01:23.714000,2.0,Charles Leclerc,16,Ferrari,36.0,HARD,2.0,,,False,83.714
0 days 00:01:23.550000,2.0,Charles Leclerc,16,Ferrari,37.0,HARD,2.0,,,False,83.55
0 days 00:01:23.624000,2.0,Charles Leclerc,16,Ferrari,38.0,HARD,2.0,,,False,83.624
0 days 00:01:23.718000,1.0,Charles Leclerc,16,Ferrari,39.0,HARD,2.0,,,False,83.718
0 days 00:01:23.690000,1.0,Charles Leclerc,16,Ferrari,40.0,HARD,2.0,,,False,83.69
0 days 00:01:23.611000,1.0,Charles Leclerc,16,Ferrari,41.0,HARD,2.0,,,False,83.611
0 days 00:01:23.670000,1.0,Charles Leclerc,16,Ferrari,42.0,HARD,2.0,,,False,83.67
0 days 00:01:23.867000,1.0,Charles Leclerc,16,Ferrari,43.0,HARD,2.0,,,False,83.867
0 days 00:01:23.430000,1.0,Charles Leclerc,16,Ferrari,44.0,HARD,2.0,,,False,83.43
0 days 00:01:23.731000,1.0,Charles Leclerc,16,Ferrari,45.0,HARD,2.0,,,False,83.731
0 days 00:01:23.597000,1.0,Charles Leclerc,16,Ferrari,46.0,HARD,2.0,,,False,83.597
0 days 00:01:23.676000,1.0,Charles Leclerc,16,Ferrari,47.0,HARD,2.0,,,False,83.676
0 days 00:01:23.518000,1.0,Charles Leclerc,16,Ferrari,48.0,HARD,2.0,,,False,83.518
0 days 00:01:23.467000,1.0,Charles Leclerc,16,Ferrari,49.0,HARD,2.0,,,False,83.467
0 days 00:01:23.461000,1.0,Charles Leclerc,16,Ferrari,50.0,HARD,2.0,,,False,83.461
0 days 00:01:23.555000,1.0,Charles Leclerc,16,Ferrari,51.0,HARD,2.0,,,False,83.555
0 days 00:01:23.750000,1.0,Charles Leclerc,16,Ferrari,52.0,HARD,2.0,,,False,83.75
0 days 00:01:23.268000,1.0,Charles Leclerc,16,Ferrari,53.0,HARD,2.0,,,False,83.268
0 days 00:01:27.623000,1.0,Oscar Piastri,81,McLaren,1.0,MEDIUM,1.0,,,False,87.623
0 days 00:01:25.116000,1.0,Oscar Piastri,81,McLaren,2.0,MEDIUM,1.0,,,False,85.116
0 days 00:01:25.261000,1.0,Oscar Piastri,81,McLaren,3.0,MEDIUM,1.0,,,False,85.261
0 days 00:01:24.695000,1.0,Oscar Piastri,81,McLaren,4.0,MEDIUM,1.0,,,False,84.695
0 days 00:01:24.660000,1.0,Oscar Piastri,81,McLaren,5.0,MEDIUM,1.0,,,False,84.66
0 days 00:01:24.603000,1.0,Oscar Piastri,81,McLaren,6.0,MEDIUM,1.0,,,False,84.603
0 days 00:01:24.418000,1.0,Oscar Piastri,81,McLaren,7.0,MEDIUM,1.0,,,False,84.418
0 days 00:01:24.570000,1.0,Oscar Piastri,81,McLaren,8.0,MEDIUM,1.0,,,False,84.57
0 days 00:01:24.375000,1.0,Oscar Piastri,81,McLaren,9.0,MEDIUM,1.0,,,False,84.375
0 days 00:01:24.077000,1.0,Oscar Piastri,81,McLaren,10.0,MEDIUM,1.0,,,False,84.077
0 days 00:01:24.247000,1.0,Oscar Piastri,81,McLaren,11.0,MEDIUM,1.0,,,False,84.247
0 days 00:01:24.748000,1.0,Oscar Piastri,81,McLaren,12.0,MEDIUM,1.0,,,False,84.748
0 days 00:01:24.670000,1.0,Oscar Piastri,81,McLaren,13.0,MEDIUM,1.0,,,False,84.67
0 days 00:01:25.048000,1.0,Oscar Piastri,81,McLaren,14.0,MEDIUM,1.0,,,False,85.048
0 days 00:01:25.166000,1.0,Oscar Piastri,81,McLaren,15.0,MEDIUM,1.0,,,False,85.166
0 days 00:01:29.939000,1.0,Oscar Piastri,81,McLaren,16.0,MEDIUM,1.0,0 days 01:18:30.160000,,True,89.939
0 days 00:01:44.250000,4.0,Oscar Piastri,81,McLaren,17.0,HARD,2.0,,0 days 01:18:53.923000,True,104.25
0 days 00:01:24.028000,4.0,Oscar Piastri,81,McLaren,18.0,HARD,2.0,,,False,84.028
0 days 00:01:24.602000,4.0,Oscar Piastri,81,McLaren,19.0,HARD,2.0,,,False,84.602
0 days 00:01:23.986000,3.0,Oscar Piastri,81,McLaren,20.0,HARD,2.0,,,False,83.986
0 days 00:01:23.903000,3.0,Oscar Piastri,81,McLaren,21.0,HARD,2.0,,,False,83.903
0 days 00:01:23.647000,3.0,Oscar Piastri,81,McLaren,22.0,HARD,2.0,,,False,83.647
0 days 00:01:23.660000,1.0,Oscar Piastri,81,McLaren,23.0,HARD,2.0,,,False,83.66
0 days 00:01:23.315000,1.0,Oscar Piastri,81,McLaren,24.0,HARD,2.0,,,False,83.315
0 days 00:01:23.230000,1.0,Oscar Piastri,81,McLaren,25.0,HARD,2.0,,,False,83.23
0 days 00:01:23.133000,1.0,Oscar Piastri,81,McLaren,26.0,HARD,2.0,,,False,83.133
0 days 00:01:23.088000,1.0,Oscar Piastri,81,McLaren,27.0,HARD,2.0,,,False,83.088
0 days 00:01:23.168000,1.0,Oscar Piastri,81,McLaren,28.0,HARD,2.0,,,False,83.168
0 days 00:01:23.066000,1.0,Oscar Piastri,81,McLaren,29.0,HARD,2.0,,,False,83.066
0 days 00:01:22.968000,1.0,Oscar Piastri,81,McLaren,30.0,HARD,2.0,,,False,82.968
0 days 00:01:23.221000,1.0,Oscar Piastri,81,McLaren,31.0,HARD,2.0,,,False,83.221
0 days 00:01:23.480000,1.0,Oscar Piastri,81,McLaren,32.0,HARD,2.0,,,False,83.48
0 days 00:01:23.148000,1.0,Oscar Piastri,81,McLaren,33.0,HARD,2.0,,,False,83.148
0 days 00:01:23.456000,1.0,Oscar Piastri,81,McLaren,34.0,HARD,2.0,,,False,83.456
0 days 00:01:23.409000,1.0,Oscar Piastri,81,McLaren,35.0,HARD,2.0,,,False,83.409
0 days 00:01:23.746000,1.0,Oscar Piastri,81,McLaren,36.0,HARD,2.0,,,False,83.746
0 days 00:01:23.691000,1.0,Oscar Piastri,81,McLaren,37.0,HARD,2.0,,,False,83.691
0 days 00:01:28.125000,1.0,Oscar Piastri,81,McLaren,38.0,HARD,2.0,0 days 01:49:32.401000,,True,88.125
0 days 00:01:43.438000,3.0,Oscar Piastri,81,McLaren,39.0,HARD,3.0,,0 days 01:49:57.178000,True,103.438
0 days 00:01:22.264000,3.0,Oscar Piastri,81,McLaren,40.0,HARD,3.0,,,False,82.264
0 days 00:01:22.066000,3.0,Oscar Piastri,81,McLaren,41.0,HARD,3.0,,,False,82.066
0 days 00:01:22.331000,3.0,Oscar Piastri,81,McLaren,42.0,HARD,3.0,,,False,82.331
0 days 00:01:22.092000,3.0,Oscar Piastri,81,McLaren,43.0,HARD,3.0,,,False,82.092
0 days 00:01:22.628000,3.0,Oscar Piastri,81,McLaren,44.0,HARD,3.0,,,False,82.628
0 days 00:01:23.675000,2.0,Oscar Piastri,81,McLaren,45.0,HARD,3.0,,,False,83.675
0 days 00:01:22.537000,2.0,Oscar Piastri,81,McLaren,46.0,HARD,3.0,,,False,82.537
0 days 00:01:22.253000,2.0,Oscar Piastri,81,McLaren,47.0,HARD,3.0,,,False,82.253
0 days 00:01:22.725000,2.0,Oscar Piastri,81,McLaren,48.0,HARD,3.0,,,False,82.725
0 days 00:01:22.945000,2.0,Oscar Piastri,81,McLaren,49.0,HARD,3.0,,,False,82.945
0 days 00:01:22.586000,2.0,Oscar Piastri,81,McLaren,50.0,HARD,3.0,,,False,82.586
0 days 00:01:22.424000,2.0,Oscar Piastri,81,McLaren,51.0,HARD,3.0,,,False,82.424
0 days 00:01:21.948000,2.0,Oscar Piastri,81,McLaren,52.0,HARD,3.0,,,False,81.948
0 days 00:01:21.943000,2.0,Oscar Piastri,81,McLaren,53.0,HARD,3.0,,,False,81.943
0 days 00:01:28.971000,3.0,Lando Norris,4,McLaren,1.0,MEDIUM,1.0,,,False,88.971
0 days 00:01:25.458000,3.0,Lando Norris,4,McLaren,2.0,MEDIUM,1.0,,,False,85.458
0 days 00:01:25.110000,3.0,Lando Norris,4,McLaren,3.0,MEDIUM,1.0,,,False,85.11
0 days 00:01:25.168000,3.0,Lando Norris,4,McLaren,4.0,MEDIUM,1.0,,,False,85.168
0 days 00:01:24.674000,3.0,Lando Norris,4,McLaren,5.0,MEDIUM,1.0,,,False,84.674
0 days 00:01:24.768000,3.0,Lando Norris,4,McLaren,6.0,MEDIUM,1.0,,,False,84.768
0 days 00:01:24.531000,3.0,Lando Norris,4,McLaren,7.0,MEDIUM,1.0,,,False,84.531
0 days 00:01:24.674000,3.0,Lando Norris,4,McLaren,8.0,MEDIUM,1.0,,,False,84.674
0 days 00:01:24.664000,3.0,Lando Norris,4,McLaren,9.0,MEDIUM,1.0,,,False,84.664
0 days 00:01:24.391000,3.0,Lando Norris,4,McLaren,10.0,MEDIUM,1.0,,,False,84.391
0 days 00:01:24.448000,3.0,Lando Norris,4,McLaren,11.0,MEDIUM,1.0,,,False,84.448
0 days 00:01:24.655000,3.0,Lando Norris,4,McLaren,12.0,MEDIUM,1.0,,,False,84.655
0 days 00:01:25.359000,3.0,Lando Norris,4,McLaren,13.0,MEDIUM,1.0,,,False,85.359
0 days 00:01:29.417000,4.0,Lando Norris,4,McLaren,14.0,MEDIUM,1.0,0 days 01:15:43.308000,,True,89.417
0 days 00:01:43.840000,8.0,Lando Norris,4,McLaren,15.0,HARD,2.0,,0 days 01:16:07.480000,True,103.84
0 days 00:01:24.154000,6.0,Lando Norris,4,McLaren,16.0,HARD,2.0,,,False,84.154
0 days 00:01:25.585000,5.0,Lando Norris,4,McLaren,17.0,HARD,2.0,,,False,85.585
0 days 00:01:23.920000,5.0,Lando Norris,4,McLaren,18.0,HARD,2.0,,,False,83.92
0 days 00:01:24.152000,5.0,Lando Norris,4,McLaren,19.0,HARD,2.0,,,False,84.152
0 days 00:01:23.882000,4.0,Lando Norris,4,McLaren,20.0,HARD,2.0,,,False,83.882
0 days 00:01:23.753000,4.0,Lando Norris,4,McLaren,21.0,HARD,2.0,,,False,83.753
0 days 00:01:23.652000,4.0,Lando Norris,4,McLaren,22.0,HARD,2.0,,,False,83.652
0 days 00:01:23.581000,2.0,Lando Norris,4,McLaren,23.0,HARD,2.0,,,False,83.581
0 days 00:01:23.601000,2.0,Lando Norris,4,McLaren,24.0,HARD,2.0,,,False,83.601
0 days 00:01:23.321000,2.0,Lando Norris,4,McLaren,25.0,HARD,2.0,,,False,83.321
0 days 00:01:23.469000,2.0,Lando Norris,4,McLaren,26.0,HARD,2.0,,,False,83.469
0 days 00:01:23.267000,2.0,Lando Norris,4,McLaren,27.0,HARD,2.0,,,False,83.267
0 days 00:01:23.067000,2.0,Lando Norris,4,McLaren,28.0,HARD,2.0,,,False,83.067
0 days 00:01:23.300000,2.0,Lando Norris,4,McLaren,29.0,HARD,2.0,,,False,83.3
0 days 00:01:23.614000,2.0,Lando Norris,4,McLaren,30.0,HARD,2.0,,,False,83.614
0 days 00:01:24.940000,2.0,Lando Norris,4,McLaren,31.0,HARD,2.0,,,False,84.94
0 days 00:01:27.414000,3.0,Lando Norris,4,McLaren,32.0,HARD,2.0,0 days 01:41:15.813000,,True,87.414
0 days 00:01:44.073000,6.0,Lando Norris,4,McLaren,33.0,HARD,3.0,,0 days 01:41:40.677000,True,104.073
0 days 00:01:22.837000,6.0,Lando Norris,4,McLaren,34.0,HARD,3.0,,,False,82.837
0 days 00:01:23.137000,6.0,Lando Norris,4,McLaren,35.0,HARD,3.0,,,False,83.137
0 days 00:01:23.114000,6.0,Lando Norris,4,McLaren,36.0,HARD,3.0,,,False,83.114
0 days 00:01:23.178000,6.0,Lando Norris,4,McLaren,37.0,HARD,3.0,,,False,83.178
0 days 00:01:23.133000,5.0,Lando Norris,4,McLaren,38.0,HARD,3.0,,,False,83.133
0 days 00:01:23.061000,5.0,Lando Norris,4,McLaren,39.0,HARD,3.0,,,False,83.061
0 days 00:01:24.162000,5.0,Lando Norris,4,McLaren,40.0,HARD,3.0,,,False,84.162
0 days 00:01:22.234000,4.0,Lando Norris,4,McLaren,41.0,HARD,3.0,,,False,82.234
0 days 00:01:22.678000,4.0,Lando Norris,4,McLaren,42.0,HARD,3.0,,,False,82.678
0 days 00:01:22.250000,4.0,Lando Norris,4,McLaren,43.0,HARD,3.0,,,False,82.25
0 days 00:01:22.403000,4.0,Lando Norris,4,McLaren,44.0,HARD,3.0,,,False,82.403
0 days 00:01:22.398000,4.0,Lando Norris,4,McLaren,45.0,HARD,3.0,,,False,82.398
0 days 00:01:22.041000,4.0,Lando Norris,4,McLaren,46.0,HARD,3.0,,,False,82.041
0 days 00:01:23.852000,4.0,Lando Norris,4,McLaren,47.0,HARD,3.0,,,False,83.852
0 days 00:01:21.824000,3.0,Lando Norris,4,McLaren,48.0,HARD,3.0,,,False,81.824
0 days 00:01:22.436000,3.0,Lando Norris,4,McLaren,49.0,HARD,3.0,,,False,82.436
0 days 00:01:23.266000,3.0,Lando Norris,4,McLaren,50.0,HARD,3.0,,,False,83.266
0 days 00:01:22.269000,3.0,Lando Norris,4,McLaren,51.0,HARD,3.0,,,False,82.269
0 days 00:01:22.302000,3.0,Lando Norris,4,McLaren,52.0,HARD,3.0,,,False,82.302
0 days 00:01:21.432000,3.0,Lando Norris,4,McLaren,53.0,HARD,3.0,,,False,81.432
0 days 00:01:29.345000,4.0,Carlos Sainz,55,Ferrari,1.0,MEDIUM,1.0,,,False,89.345
0 days 00:01:25.731000,4.0,Carlos Sainz,55,Ferrari,2.0,MEDIUM,1.0,,,False,85.731
0 days 00:01:25.358000,4.0,Carlos Sainz,55,Ferrari,3.0,MEDIUM,1.0,,,False,85.358
0 days 00:01:25.086000,4.0,Carlos Sainz,55,Ferrari,4.0,MEDIUM,1.0,,,False,85.086
0 days 00:01:25.006000,4.0,Carlos Sainz,55,Ferrari,5.0,MEDIUM,1.0,,,False,85.006
0 days 00:01:24.642000,4.0,Carlos Sainz,55,Ferrari,6.0,MEDIUM,1.0,,,False,84.642
0 days 00:01:24.715000,4.0,Carlos Sainz,55,Ferrari,7.0,MEDIUM,1.0,,,False,84.715
0 days 00:01:24.870000,4.0,Carlos Sainz,55,Ferrari,8.0,MEDIUM,1.0,,,False,84.87
0 days 00:01:24.774000,4.0,Carlos Sainz,55,Ferrari,9.0,MEDIUM,1.0,,,False,84.774
0 days 00:01:24.684000,4.0,Carlos Sainz,55,Ferrari,10.0,MEDIUM,1.0,,,False,84.684
0 days 00:01:25.066000,4.0,Carlos Sainz,55,Ferrari,11.0,MEDIUM,1.0,,,False,85.066
0 days 00:01:25.276000,4.0,Carlos Sainz,55,Ferrari,12.0,MEDIUM,1.0,,,False,85.276
0 days 00:01:25.423000,4.0,Carlos Sainz,55,Ferrari,13.0,MEDIUM,1.0,,,False,85.423
0 days 00:01:25.234000,3.0,Carlos Sainz,55,Ferrari,14.0,MEDIUM,1.0,,,False,85.234
0 days 00:01:25.183000,2.0,Carlos Sainz,55,Ferrari,15.0,MEDIUM,1.0,,,False,85.183
0 days 00:01:25.341000,2.0,Carlos Sainz,55,Ferrari,16.0,MEDIUM,1.0,,,False,85.341
0 days 00:01:25.407000,1.0,Carlos Sainz,55,Ferrari,17.0,MEDIUM,1.0,,,False,85.407
0 days 00:01:25.678000,1.0,Carlos Sainz,55,Ferrari,18.0,MEDIUM,1.0,,,False,85.678
0 days 00:01:30.388000,2.0,Carlos Sainz,55,Ferrari,19.0,MEDIUM,1.0,0 days 01:22:54.237000,,True,90.388
0 days 00:01:44.811000,6.0,Carlos Sainz,55,Ferrari,20.0,HARD,2.0,,0 days 01:23:18.553000,True,104.811
0 days 00:01:24.499000,6.0,Carlos Sainz,55,Ferrari,21.0,HARD,2.0,,,False,84.499
0 days 00:01:24.226000,6.0,Carlos Sainz,55,Ferrari,22.0,HARD,2.0,,,False,84.226
0 days 00:01:24.557000,5.0,Carlos Sainz,55,Ferrari,23.0,HARD,2.0,,,False,84.557
0 days 00:01:23.682000,4.0,Carlos Sainz,55,Ferrari,24.0,HARD,2.0,,,False,83.682
0 days 00:01:23.687000,4.0,Carlos Sainz,55,Ferrari,25.0,HARD,2.0,,,False,83.687
0 days 00:01:23.503000,4.0,Carlos Sainz,55,Ferrari,26.0,HARD,2.0,,,False,83.503
0 days 00:01:23.503000,4.0,Carlos Sainz,55,Ferrari,27.0,HARD,2.0,,,False,83.503
0 days 00:01:23.751000,4.0,Carlos Sainz,55,Ferrari,28.0,HARD,2.0,,,False,83.751
0 days 00:01:23.473000,4.0,Carlos Sainz,55,Ferrari,29.0,HARD,2.0,,,False,83.473
0 days 00:01:23.584000,4.0,Carlos Sainz,55,Ferrari,30.0,HARD,2.0,,,False,83.584
0 days 00:01:23.330000,4.0,Carlos Sainz,55,Ferrari,31.0,HARD,2.0,,,False,83.33
0 days 00:01:23.354000,4.0,Carlos Sainz,55,Ferrari,32.0,HARD,2.0,,,False,83.354
0 days 00:01:23.412000,3.0,Carlos Sainz,55,Ferrari,33.0,HARD,2.0,,,False,83.412
0 days 00:01:23.285000,3.0,Carlos Sainz,55,Ferrari,34.0,HARD,2.0,,,False,83.285
0 days 00:01:23.334000,3.0,Carlos Sainz,55,Ferrari,35.0,HARD,2.0,,,False,83.334
0 days 00:01:23.270000,3.0,Carlos Sainz,55,Ferrari,36.0,HARD,2.0,,,False,83.27
0 days 00:01:23.290000,3.0,Carlos Sainz,55,Ferrari,37.0,HARD,2.0,,,False,83.29
0 days 00:01:23.551000,3.0,Carlos Sainz,55,Ferrari,38.0,HARD,2.0,,,False,83.551
0 days 00:01:23.809000,2.0,Carlos Sainz,55,Ferrari,39.0,HARD,2.0,,,False,83.809
0 days 00:01:23.803000,2.0,Carlos Sainz,55,Ferrari,40.0,HARD,2.0,,,False,83.803
0 days 00:01:23.337000,2.0,Carlos Sainz,55,Ferrari,41.0,HARD,2.0,,,False,83.337
0 days 00:01:23.838000,2.0,Carlos Sainz,55,Ferrari,42.0,HARD,2.0,,,False,83.838
0 days 00:01:23.793000,2.0,Carlos Sainz,55,Ferrari,43.0,HARD,2.0,,,False,83.793
0 days 00:01:23.931000,2.0,Carlos Sainz,55,Ferrari,44.0,HARD,2.0,,,False,83.931
0 days 00:01:25.113000,3.0,Carlos Sainz,55,Ferrari,45.0,HARD,2.0,,,False,85.113
0 days 00:01:24.001000,3.0,Carlos Sainz,55,Ferrari,46.0,HARD,2.0,,,False,84.001
0 days 00:01:24.090000,3.0,Carlos Sainz,55,Ferrari,47.0,HARD,2.0,,,False,84.09
0 days 00:01:24.939000,4.0,Carlos Sainz,55,Ferrari,48.0,HARD,2.0,,,False,84.939
0 days 00:01:23.921000,4.0,Carlos Sainz,55,Ferrari,49.0,HARD,2.0,,,False,83.921
0 days 00:01:23.769000,4.0,Carlos Sainz,55,Ferrari,50.0,HARD,2.0,,,False,83.769
0 days 00:01:23.754000,4.0,Carlos Sainz,55,Ferrari,51.0,HARD,2.0,,,False,83.754
0 days 00:01:23.722000,4.0,Carlos Sainz,55,Ferrari,52.0,HARD,2.0,,,False,83.722
0 days 00:01:23.219000,4.0,Carlos Sainz,55,Ferrari,53.0,HARD,2.0,,,False,83.219
0 days 00:01:29.674000,5.0,Lewis Hamilton,44,Mercedes,1.0,MEDIUM,1.0,,,False,89.674
0 days 00:01:26.043000,5.0,Lewis Hamilton,44,Mercedes,2.0,MEDIUM,1.0,,,False,86.043
0 days 00:01:25.630000,5.0,Lewis Hamilton,44,Mercedes,3.0,MEDIUM,1.0,,,False,85.63
0 days 00:01:25.722000,5.0,Lewis Hamilton,44,Mercedes,4.0,MEDIUM,1.0,,,False,85.722
0 days 00:01:24.771000,5.0,Lewis Hamilton,44,Mercedes,5.0,MEDIUM,1.0,,,False,84.771
0 days 00:01:24.919000,5.0,Lewis Hamilton,44,Mercedes,6.0,MEDIUM,1.0,,,False,84.919
0 days 00:01:25.205000,5.0,Lewis Hamilton,44,Mercedes,7.0,MEDIUM,1.0,,,False,85.205
0 days 00:01:24.871000,5.0,Lewis Hamilton,44,Mercedes,8.0,MEDIUM,1.0,,,False,84.871
0 days 00:01:25.035000,5.0,Lewis Hamilton,44,Mercedes,9.0,MEDIUM,1.0,,,False,85.035
0 days 00:01:24.909000,5.0,Lewis Hamilton,44,Mercedes,10.0,MEDIUM,1.0,,,False,84.909
0 days 00:01:24.938000,5.0,Lewis Hamilton,44,Mercedes,11.0,MEDIUM,1.0,,,False,84.938
0 days 00:01:24.932000,5.0,Lewis Hamilton,44,Mercedes,12.0,MEDIUM,1.0,,,False,84.932
0 days 00:01:25.329000,5.0,Lewis Hamilton,44,Mercedes,13.0,MEDIUM,1.0,,,False,85.329
0 days 00:01:25.817000,5.0,Lewis Hamilton,44,Mercedes,14.0,MEDIUM,1.0,,,False,85.817
0 days 00:01:30.365000,6.0,Lewis Hamilton,44,Mercedes,15.0,MEDIUM,1.0,0 days 01:17:15.039000,,True,90.365
0 days 00:01:45.664000,10.0,Lewis Hamilton,44,Mercedes,16.0,HARD,2.0,,0 days 01:17:39.828000,True,105.664
0 days 00:01:24.843000,10.0,Lewis Hamilton,44,Mercedes,17.0,HARD,2.0,,,False,84.843
0 days 00:01:24.831000,8.0,Lewis Hamilton,44,Mercedes,18.0,HARD,2.0,,,False,84.831
0 days 00:01:24.649000,8.0,Lewis Hamilton,44,Mercedes,19.0,HARD,2.0,,,False,84.649
0 days 00:01:24.640000,7.0,Lewis Hamilton,44,Mercedes,20.0,HARD,2.0,,,False,84.64
0 days 00:01:24.915000,7.0,Lewis Hamilton,44,Mercedes,21.0,HARD,2.0,,,False,84.915
0 days 00:01:24.613000,7.0,Lewis Hamilton,44,Mercedes,22.0,HARD,2.0,,,False,84.613
0 days 00:01:24.132000,6.0,Lewis Hamilton,44,Mercedes,23.0,HARD,2.0,,,False,84.132
0 days 00:01:23.818000,5.0,Lewis Hamilton,44,Mercedes,24.0,HARD,2.0,,,False,83.818
0 days 00:01:23.804000,5.0,Lewis Hamilton,44,Mercedes,25.0,HARD,2.0,,,False,83.804
0 days 00:01:23.673000,5.0,Lewis Hamilton,44,Mercedes,26.0,HARD,2.0,,,False,83.673
0 days 00:01:23.495000,5.0,Lewis Hamilton,44,Mercedes,27.0,HARD,2.0,,,False,83.495
0 days 00:01:23.640000,5.0,Lewis Hamilton,44,Mercedes,28.0,HARD,2.0,,,False,83.64
0 days 00:01:23.507000,5.0,Lewis Hamilton,44,Mercedes,29.0,HARD,2.0,,,False,83.507
0 days 00:01:23.445000,5.0,Lewis Hamilton,44,Mercedes,30.0,HARD,2.0,,,False,83.445
0 days 00:01:23.360000,5.0,Lewis Hamilton,44,Mercedes,31.0,HARD,2.0,,,False,83.36
0 days 00:01:23.328000,5.0,Lewis Hamilton,44,Mercedes,32.0,HARD,2.0,,,False,83.328
0 days 00:01:23.397000,4.0,Lewis Hamilton,44,Mercedes,33.0,HARD,2.0,,,False,83.397
0 days 00:01:23.531000,4.0,Lewis Hamilton,44,Mercedes,34.0,HARD,2.0,,,False,83.531
0 days 00:01:23.378000,4.0,Lewis Hamilton,44,Mercedes,35.0,HARD,2.0,,,False,83.378
0 days 00:01:23.601000,4.0,Lewis Hamilton,44,Mercedes,36.0,HARD,2.0,,,False,83.601
0 days 00:01:28.349000,4.0,Lewis Hamilton,44,Mercedes,37.0,HARD,2.0,0 days 01:48:27.801000,,True,88.349
0 days 00:01:42.426000,6.0,Lewis Hamilton,44,Mercedes,38.0,HARD,3.0,,0 days 01:48:51.955000,True,102.426
0 days 00:01:22.968000,6.0,Lewis Hamilton,44,Mercedes,39.0,HARD,3.0,,,False,82.968
0 days 00:01:23.012000,6.0,Lewis Hamilton,44,Mercedes,40.0,HARD,3.0,,,False,83.012
0 days 00:01:22.927000,6.0,Lewis Hamilton,44,Mercedes,41.0,HARD,3.0,,,False,82.927
0 days 00:01:22.520000,5.0,Lewis Hamilton,44,Mercedes,42.0,HARD,3.0,,,False,82.52
0 days 00:01:22.396000,5.0,Lewis Hamilton,44,Mercedes,43.0,HARD,3.0,,,False,82.396
0 days 00:01:22.136000,5.0,Lewis Hamilton,44,Mercedes,44.0,HARD,3.0,,,False,82.136
0 days 00:01:22.176000,5.0,Lewis Hamilton,44,Mercedes,45.0,HARD,3.0,,,False,82.176
0 days 00:01:22.307000,5.0,Lewis Hamilton,44,Mercedes,46.0,HARD,3.0,,,False,82.307
0 days 00:01:22.471000,5.0,Lewis Hamilton,44,Mercedes,47.0,HARD,3.0,,,False,82.471
0 days 00:01:22.794000,5.0,Lewis Hamilton,44,Mercedes,48.0,HARD,3.0,,,False,82.794
0 days 00:01:22.446000,5.0,Lewis Hamilton,44,Mercedes,49.0,HARD,3.0,,,False,82.446
0 days 00:01:22.243000,5.0,Lewis Hamilton,44,Mercedes,50.0,HARD,3.0,,,False,82.243
0 days 00:01:22.737000,5.0,Lewis Hamilton,44,Mercedes,51.0,HARD,3.0,,,False,82.737
0 days 00:01:25.703000,5.0,Lewis Hamilton,44,Mercedes,52.0,HARD,3.0,,,False,85.703
0 days 00:01:21.512000,5.0,Lewis Hamilton,44,Mercedes,53.0,HARD,3.0,,,False,81.512
0 days 00:01:30.354000,6.0,Max Verstappen,1,Red Bull Racing,1.0,HARD,1.0,,,False,90.354
0 days 00:01:26.170000,6.0,Max Verstappen,1,Red Bull Racing,2.0,HARD,1.0,,,False,86.17
0 days 00:01:25.855000,6.0,Max Verstappen,1,Red Bull Racing,3.0,HARD,1.0,,,False,85.855
0 days 00:01:25.633000,6.0,Max Verstappen,1,Red Bull Racing,4.0,HARD,1.0,,,False,85.633
0 days 00:01:25.218000,6.0,Max Verstappen,1,Red Bull Racing,5.0,HARD,1.0,,,False,85.218
0 days 00:01:25.096000,6.0,Max Verstappen,1,Red Bull Racing,6.0,HARD,1.0,,,False,85.096
0 days 00:01:25.042000,6.0,Max Verstappen,1,Red Bull Racing,7.0,HARD,1.0,,,False,85.042
0 days 00:01:24.918000,6.0,Max Verstappen,1,Red Bull Racing,8.0,HARD,1.0,,,False,84.918
0 days 00:01:25.050000,6.0,Max Verstappen,1,Red Bull Racing,9.0,HARD,1.0,,,False,85.05
0 days 00:01:24.964000,6.0,Max Verstappen,1,Red Bull Racing,10.0,HARD,1.0,,,False,84.964
0 days 00:01:24.978000,6.0,Max Verstappen,1,Red Bull Racing,11.0,HARD,1.0,,,False,84.978
0 days 00:01:24.968000,6.0,Max Verstappen,1,Red Bull Racing,12.0,HARD,1.0,,,False,84.968
0 days 00:01:24.957000,6.0,Max Verstappen,1,Red Bull Racing,13.0,HARD,1.0,,,False,84.957
0 days 00:01:25.287000,6.0,Max Verstappen,1,Red Bull Racing,14.0,HARD,1.0,,,False,85.287
0 days 00:01:25.746000,4.0,Max Verstappen,1,Red Bull Racing,15.0,HARD,1.0,,,False,85.746
0 days 00:01:25.244000,3.0,Max Verstappen,1,Red Bull Racing,16.0,HARD,1.0,,,False,85.244
0 days 00:01:25.340000,2.0,Max Verstappen,1,Red Bull Racing,17.0,HARD,1.0,,,False,85.34
0 days 00:01:25.469000,2.0,Max Verstappen,1,Red Bull Racing,18.0,HARD,1.0,,,False,85.469
0 days 00:01:25.537000,1.0,Max Verstappen,1,Red Bull Racing,19.0,HARD,1.0,,,False,85.537
0 days 00:01:25.559000,1.0,Max Verstappen,1,Red Bull Racing,20.0,HARD,1.0,,,False,85.559
0 days 00:01:25.381000,1.0,Max Verstappen,1,Red Bull Racing,21.0,HARD,1.0,,,False,85.381
0 days 00:01:29.668000,2.0,Max Verstappen,1,Red Bull Racing,22.0,HARD,1.0,0 days 01:27:13.547000,,True,89.668
0 days 00:01:47.839000,8.0,Max Verstappen,1,Red Bull Racing,23.0,HARD,2.0,,0 days 01:27:41.632000,True,107.839
0 days 00:01:23.545000,6.0,Max Verstappen,1,Red Bull Racing,24.0,HARD,2.0,,,False,83.545
0 days 00:01:23.801000,6.0,Max Verstappen,1,Red Bull Racing,25.0,HARD,2.0,,,False,83.801
0 days 00:01:23.618000,6.0,Max Verstappen,1,Red Bull Racing,26.0,HARD,2.0,,,False,83.618
0 days 00:01:23.524000,6.0,Max Verstappen,1,Red Bull Racing,27.0,HARD,2.0,,,False,83.524
0 days 00:01:23.509000,6.0,Max Verstappen,1,Red Bull Racing,28.0,HARD,2.0,,,False,83.509
0 days 00:01:23.452000,6.0,Max Verstappen,1,Red Bull Racing,29.0,HARD,2.0,,,False,83.452
0 days 00:01:23.542000,6.0,Max Verstappen,1,Red Bull Racing,30.0,HARD,2.0,,,False,83.542
0 days 00:01:23.424000,6.0,Max Verstappen,1,Red Bull Racing,31.0,HARD,2.0,,,False,83.424
0 days 00:01:23.490000,6.0,Max Verstappen,1,Red Bull Racing,32.0,HARD,2.0,,,False,83.49
0 days 00:01:23.621000,5.0,Max Verstappen,1,Red Bull Racing,33.0,HARD,2.0,,,False,83.621
0 days 00:01:23.576000,5.0,Max Verstappen,1,Red Bull Racing,34.0,HARD,2.0,,,False,83.576
0 days 00:01:23.589000,5.0,Max Verstappen,1,Red Bull Racing,35.0,HARD,2.0,,,False,83.589
0 days 00:01:23.559000,5.0,Max Verstappen,1,Red Bull Racing,36.0,HARD,2.0,,,False,83.559
0 days 00:01:23.485000,5.0,Max Verstappen,1,Red Bull Racing,37.0,HARD,2.0,,,False,83.485
0 days 00:01:23.427000,4.0,Max Verstappen,1,Red Bull Racing,38.0,HARD,2.0,,,False,83.427
0 days 00:01:23.501000,4.0,Max Verstappen,1,Red Bull Racing,39.0,HARD,2.0,,,False,83.501
0 days 00:01:24.337000,4.0,Max Verstappen,1,Red Bull Racing,40.0,HARD,2.0,,,False,84.337
0 days 00:01:28.738000,5.0,Max Verstappen,1,Red Bull Racing,41.0,HARD,2.0,0 days 01:54:11.181000,,True,88.738
0 days 00:01:44.090000,6.0,Max Verstappen,1,Red Bull Racing,42.0,MEDIUM,3.0,,0 days 01:54:35.133000,True,104.09
0 days 00:01:21.745000,6.0,Max Verstappen,1,Red Bull Racing,43.0,MEDIUM,3.0,,,False,81.745
0 days 00:01:23.045000,6.0,Max Verstappen,1,Red Bull Racing,44.0,MEDIUM,3.0,,,False,83.045
0 days 00:01:23.363000,6.0,Max Verstappen,1,Red Bull Racing,45.0,MEDIUM,3.0,,,False,83.363
0 days 00:01:22.941000,6.0,Max Verstappen,1,Red Bull Racing,46.0,MEDIUM,3.0,,,False,82.941
0 days 00:01:22.520000,6.0,Max Verstappen,1,Red Bull Racing,47.0,MEDIUM,3.0,,,False,82.52
0 days 00:01:22.570000,6.0,Max Verstappen,1,Red Bull Racing,48.0,MEDIUM,3.0,,,False,82.57
0 days 00:01:22.584000,6.0,Max Verstappen,1,Red Bull Racing,49.0,MEDIUM,3.0,,,False,82.584
0 days 00:01:22.585000,6.0,Max Verstappen,1,Red Bull Racing,50.0,MEDIUM,3.0,,,False,82.585
0 days 00:01:22.574000,6.0,Max Verstappen,1,Red Bull Racing,51.0,MEDIUM,3.0,,,False,82.574
0 days 00:01:22.920000,6.0,Max Verstappen,1,Red Bull Racing,52.0,MEDIUM,3.0,,,False,82.92
0 days 00:01:23.711000,6.0,Max Verstappen,1,Red Bull Racing,53.0,MEDIUM,3.0,,,False,83.711
0 days 00:01:31.512000,7.0,George Russell,63,Mercedes,1.0,MEDIUM,1.0,,,False,91.512
0 days 00:01:26.055000,7.0,George Russell,63,Mercedes,2.0,MEDIUM,1.0,,,False,86.055
0 days 00:01:25.733000,7.0,George Russell,63,Mercedes,3.0,MEDIUM,1.0,,,False,85.733
0 days 00:01:25.762000,7.0,George Russell,63,Mercedes,4.0,MEDIUM,1.0,,,False,85.762
0 days 00:01:25.494000,7.0,George Russell,63,Mercedes,5.0,MEDIUM,1.0,,,False,85.494
0 days 00:01:25.101000,7.0,George Russell,63,Mercedes,6.0,MEDIUM,1.0,,,False,85.101
0 days 00:01:25.046000,7.0,George Russell,63,Mercedes,7.0,MEDIUM,1.0,,,False,85.046
0 days 00:01:25.216000,7.0,George Russell,63,Mercedes,8.0,MEDIUM,1.0,,,False,85.216
0 days 00:01:25.115000,7.0,George Russell,63,Mercedes,9.0,MEDIUM,1.0,,,False,85.115
0 days 00:01:25.468000,7.0,George Russell,63,Mercedes,10.0,MEDIUM,1.0,,,False,85.468
0 days 00:01:31.175000,8.0,George Russell,63,Mercedes,11.0,MEDIUM,1.0,0 days 01:11:38.608000,,True,91.175
0 days 00:01:53.412000,16.0,George Russell,63,Mercedes,12.0,HARD,2.0,,0 days 01:12:11.335000,True,113.412
0 days 00:01:24.546000,16.0,George Russell,63,Mercedes,13.0,HARD,2.0,,,False,84.546
0 days 00:01:24.548000,15.0,George Russell,63,Mercedes,14.0,HARD,2.0,,,False,84.548
0 days 00:01:24.560000,14.0,George Russell,63,Mercedes,15.0,HARD,2.0,,,False,84.56
0 days 00:01:24.692000,13.0,George Russell,63,Mercedes,16.0,HARD,2.0,,,False,84.692
0 days 00:01:24.546000,12.0,George Russell,63,Mercedes,17.0,HARD,2.0,,,False,84.546
0 days 00:01:24.521000,11.0,George Russell,63,Mercedes,18.0,HARD,2.0,,,False,84.521
0 days 00:01:24.706000,11.0,George Russell,63,Mercedes,19.0,HARD,2.0,,,False,84.706
0 days 00:01:25.504000,10.0,George Russell,63,Mercedes,20.0,HARD,2.0,,,False,85.504
0 days 00:01:24.626000,9.0,George Russell,63,Mercedes,21.0,HARD,2.0,,,False,84.626
0 days 00:01:24.711000,9.0,George Russell,63,Mercedes,22.0,HARD,2.0,,,False,84.711
0 days 00:01:24.624000,9.0,George Russell,63,Mercedes,23.0,HARD,2.0,,,False,84.624
0 days 00:01:24.621000,9.0,George Russell,63,Mercedes,24.0,HARD,2.0,,,False,84.621
0 days 00:01:25.174000,8.0,George Russell,63,Mercedes,25.0,HARD,2.0,,,False,85.174
0 days 00:01:23.575000,8.0,George Russell,63,Mercedes,26.0,HARD,2.0,,,False,83.575
0 days 00:01:23.732000,8.0,George Russell,63,Mercedes,27.0,HARD,2.0,,,False,83.732
0 days 00:01:23.383000,8.0,George Russell,63,Mercedes,28.0,HARD,2.0,,,False,83.383
0 days 00:01:23.516000,8.0,George Russell,63,Mercedes,29.0,HARD,2.0,,,False,83.516
0 days 00:01:23.177000,8.0,George Russell,63,Mercedes,30.0,HARD,2.0,,,False,83.177
0 days 00:01:25.331000,8.0,George Russell,63,Mercedes,31.0,HARD,2.0,,,False,85.331
0 days 00:01:23.542000,8.0,George Russell,63,Mercedes,32.0,HARD,2.0,,,False,83.542
0 days 00:01:28.264000,8.0,George Russell,63,Mercedes,33.0,HARD,2.0,0 days 01:43:07.940000,,True,88.264
0 days 00:01:44.863000,12.0,George Russell,63,Mercedes,34.0,HARD,3.0,,0 days 01:43:34.249000,True,104.863
0 days 00:01:22.944000,11.0,George Russell,63,Mercedes,35.0,HARD,3.0,,,False,82.944
0 days 00:01:23.333000,10.0,George Russell,63,Mercedes,36.0,HARD,3.0,,,False,83.333
0 days 00:01:23.158000,9.0,George Russell,63,Mercedes,37.0,HARD,3.0,,,False,83.158
0 days 00:01:25.166000,8.0,George Russell,63,Mercedes,38.0,HARD,3.0,,,False,85.166
0 days 00:01:23.142000,8.0,George Russell,63,Mercedes,39.0,HARD,3.0,,,False,83.142
0 days 00:01:22.886000,8.0,George Russell,63,Mercedes,40.0,HARD,3.0,,,False,82.886
0 days 00:01:24.039000,8.0,George Russell,63,Mercedes,41.0,HARD,3.0,,,False,84.039
0 days 00:01:22.799000,7.0,George Russell,63,Mercedes,42.0,HARD,3.0,,,False,82.799
0 days 00:01:22.939000,7.0,George Russell,63,Mercedes,43.0,HARD,3.0,,,False,82.939
0 days 00:01:22.923000,7.0,George Russell,63,Mercedes,44.0,HARD,3.0,,,False,82.923
0 days 00:01:22.685000,7.0,George Russell,63,Mercedes,45.0,HARD,3.0,,,False,82.685
0 days 00:01:22.419000,7.0,George Russell,63,Mercedes,46.0,HARD,3.0,,,False,82.419
0 days 00:01:22.343000,7.0,George Russell,63,Mercedes,47.0,HARD,3.0,,,False,82.343
0 days 00:01:22.165000,7.0,George Russell,63,Mercedes,48.0,HARD,3.0,,,False,82.165
0 days 00:01:22.036000,7.0,George Russell,63,Mercedes,49.0,HARD,3.0,,,False,82.036
0 days 00:01:22.156000,7.0,George Russell,63,Mercedes,50.0,HARD,3.0,,,False,82.156
0 days 00:01:22.311000,7.0,George Russell,63,Mercedes,51.0,HARD,3.0,,,False,82.311
0 days 00:01:22.447000,7.0,George Russell,63,Mercedes,52.0,HARD,3.0,,,False,82.447
0 days 00:01:22.700000,7.0,George Russell,63,Mercedes,53.0,HARD,3.0,,,False,82.7
0 days 00:01:31.698000,8.0,Sergio Perez,11,Red Bull Racing,1.0,HARD,1.0,,,False,91.698
0 days 00:01:26.411000,8.0,Sergio Perez,11,Red Bull Racing,2.0,HARD,1.0,,,False,86.411
0 days 00:01:25.757000,8.0,Sergio Perez,11,Red Bull Racing,3.0,HARD,1.0,,,False,85.757
0 days 00:01:25.805000,8.0,Sergio Perez,11,Red Bull Racing,4.0,HARD,1.0,,,False,85.805
0 days 00:01:25.447000,8.0,Sergio Perez,11,Red Bull Racing,5.0,HARD,1.0,,,False,85.447
0 days 00:01:25.105000,8.0,Sergio Perez,11,Red Bull Racing,6.0,HARD,1.0,,,False,85.105
0 days 00:01:25.434000,8.0,Sergio Perez,11,Red Bull Racing,7.0,HARD,1.0,,,False,85.434
0 days 00:01:25.186000,8.0,Sergio Perez,11,Red Bull Racing,8.0,HARD,1.0,,,False,85.186
0 days 00:01:24.977000,8.0,Sergio Perez,11,Red Bull Racing,9.0,HARD,1.0,,,False,84.977
0 days 00:01:24.841000,8.0,Sergio Perez,11,Red Bull Racing,10.0,HARD,1.0,,,False,84.841
0 days 00:01:24.773000,7.0,Sergio Perez,11,Red Bull Racing,11.0,HARD,1.0,,,False,84.773
0 days 00:01:24.654000,7.0,Sergio Perez,11,Red Bull Racing,12.0,HARD,1.0,,,False,84.654
0 days 00:01:25.041000,7.0,Sergio Perez,11,Red Bull Racing,13.0,HARD,1.0,,,False,85.041
0 days 00:01:25.229000,7.0,Sergio Perez,11,Red Bull Racing,14.0,HARD,1.0,,,False,85.229
0 days 00:01:25.543000,5.0,Sergio Perez,11,Red Bull Racing,15.0,HARD,1.0,,,False,85.543
0 days 00:01:25.434000,4.0,Sergio Perez,11,Red Bull Racing,16.0,HARD,1.0,,,False,85.434
0 days 00:01:25.444000,3.0,Sergio Perez,11,Red Bull Racing,17.0,HARD,1.0,,,False,85.444
0 days 00:01:25.448000,3.0,Sergio Perez,11,Red Bull Racing,18.0,HARD,1.0,,,False,85.448
0 days 00:01:25.683000,3.0,Sergio Perez,11,Red Bull Racing,19.0,HARD,1.0,,,False,85.683
0 days 00:01:26.111000,2.0,Sergio Perez,11,Red Bull Racing,20.0,HARD,1.0,,,False,86.111
0 days 00:01:25.864000,2.0,Sergio Perez,11,Red Bull Racing,21.0,HARD,1.0,,,False,85.864
0 days 00:01:25.709000,1.0,Sergio Perez,11,Red Bull Racing,22.0,HARD,1.0,,,False,85.709
0 days 00:01:29.869000,4.0,Sergio Perez,11,Red Bull Racing,23.0,HARD,1.0,0 days 01:28:42.654000,,True,89.869
0 days 00:01:45.017000,8.0,Sergio Perez,11,Red Bull Racing,24.0,HARD,2.0,,0 days 01:29:07.256000,True,105.017
0 days 00:01:24.109000,7.0,Sergio Perez,11,Red Bull Racing,25.0,HARD,2.0,,,False,84.109
0 days 00:01:23.975000,7.0,Sergio Perez,11,Red Bull Racing,26.0,HARD,2.0,,,False,83.975
0 days 00:01:23.784000,7.0,Sergio Perez,11,Red Bull Racing,27.0,HARD,2.0,,,False,83.784
0 days 00:01:23.598000,7.0,Sergio Perez,11,Red Bull Racing,28.0,HARD,2.0,,,False,83.598
0 days 00:01:23.854000,7.0,Sergio Perez,11,Red Bull Racing,29.0,HARD,2.0,,,False,83.854
0 days 00:01:23.474000,7.0,Sergio Perez,11,Red Bull Racing,30.0,HARD,2.0,,,False,83.474
0 days 00:01:25.086000,7.0,Sergio Perez,11,Red Bull Racing,31.0,HARD,2.0,,,False,85.086
0 days 00:01:23.825000,7.0,Sergio Perez,11,Red Bull Racing,32.0,HARD,2.0,,,False,83.825
0 days 00:01:23.473000,7.0,Sergio Perez,11,Red Bull Racing,33.0,HARD,2.0,,,False,83.473
0 days 00:01:23.611000,7.0,Sergio Perez,11,Red Bull Racing,34.0,HARD,2.0,,,False,83.611
0 days 00:01:28.255000,7.0,Sergio Perez,11,Red Bull Racing,35.0,HARD,2.0,0 days 01:45:54.606000,,True,88.255
0 days 00:01:44.074000,9.0,Sergio Perez,11,Red Bull Racing,36.0,MEDIUM,3.0,,0 days 01:46:18.615000,True,104.074
0 days 00:01:23.291000,8.0,Sergio Perez,11,Red Bull Racing,37.0,MEDIUM,3.0,,,False,83.291
0 days 00:01:26.243000,9.0,Sergio Perez,11,Red Bull Racing,38.0,MEDIUM,3.0,,,False,86.243
0 days 00:01:23.707000,9.0,Sergio Perez,11,Red Bull Racing,39.0,MEDIUM,3.0,,,False,83.707
0 days 00:01:23.393000,9.0,Sergio Perez,11,Red Bull Racing,40.0,MEDIUM,3.0,,,False,83.393
0 days 00:01:23.267000,9.0,Sergio Perez,11,Red Bull Racing,41.0,MEDIUM,3.0,,,False,83.267
0 days 00:01:23.908000,9.0,Sergio Perez,11,Red Bull Racing,42.0,MEDIUM,3.0,,,False,83.908
0 days 00:01:24.537000,9.0,Sergio Perez,11,Red Bull Racing,43.0,MEDIUM,3.0,,,False,84.537
0 days 00:01:23.617000,8.0,Sergio Perez,11,Red Bull Racing,44.0,MEDIUM,3.0,,,False,83.617
0 days 00:01:23.033000,8.0,Sergio Perez,11,Red Bull Racing,45.0,MEDIUM,3.0,,,False,83.033
0 days 00:01:22.996000,8.0,Sergio Perez,11,Red Bull Racing,46.0,MEDIUM,3.0,,,False,82.996
0 days 00:01:22.971000,8.0,Sergio Perez,11,Red Bull Racing,47.0,MEDIUM,3.0,,,False,82.971
0 days 00:01:23.315000,8.0,Sergio Perez,11,Red Bull Racing,48.0,MEDIUM,3.0,,,False,83.315
0 days 00:01:23.612000,8.0,Sergio Perez,11,Red Bull Racing,49.0,MEDIUM,3.0,,,False,83.612
0 days 00:01:23.390000,8.0,Sergio Perez,11,Red Bull Racing,50.0,MEDIUM,3.0,,,False,83.39
0 days 00:01:23.415000,8.0,Sergio Perez,11,Red Bull Racing,51.0,MEDIUM,3.0,,,False,83.415
0 days 00:01:24.071000,8.0,Sergio Perez,11,Red Bull Racing,52.0,MEDIUM,3.0,,,False,84.071
0 days 00:01:24.511000,8.0,Sergio Perez,11,Red Bull Racing,53.0,MEDIUM,3.0,,,False,84.511
0 days 00:01:31.965000,9.0,Alexander Albon,23,Williams,1.0,MEDIUM,1.0,,,False,91.965
0 days 00:01:27.011000,9.0,Alexander Albon,23,Williams,2.0,MEDIUM,1.0,,,False,87.011
0 days 00:01:26.282000,9.0,Alexander Albon,23,Williams,3.0,MEDIUM,1.0,,,False,86.282
0 days 00:01:26.527000,9.0,Alexander Albon,23,Williams,4.0,MEDIUM,1.0,,,False,86.527
0 days 00:01:26.039000,9.0,Alexander Albon,23,Williams,5.0,MEDIUM,1.0,,,False,86.039
0 days 00:01:25.946000,9.0,Alexander Albon,23,Williams,6.0,MEDIUM,1.0,,,False,85.946
0 days 00:01:25.990000,9.0,Alexander Albon,23,Williams,7.0,MEDIUM,1.0,,,False,85.99
0 days 00:01:25.963000,9.0,Alexander Albon,23,Williams,8.0,MEDIUM,1.0,,,False,85.963
0 days 00:01:25.666000,9.0,Alexander Albon,23,Williams,9.0,MEDIUM,1.0,,,False,85.666
0 days 00:01:25.711000,9.0,Alexander Albon,23,Williams,10.0,MEDIUM,1.0,,,False,85.711
0 days 00:01:25.734000,9.0,Alexander Albon,23,Williams,11.0,MEDIUM,1.0,,,False,85.734
0 days 00:01:25.468000,8.0,Alexander Albon,23,Williams,12.0,MEDIUM,1.0,,,False,85.468
0 days 00:01:25.533000,8.0,Alexander Albon,23,Williams,13.0,MEDIUM,1.0,,,False,85.533
0 days 00:01:26.140000,8.0,Alexander Albon,23,Williams,14.0,MEDIUM,1.0,,,False,86.14
0 days 00:01:26.463000,7.0,Alexander Albon,23,Williams,15.0,MEDIUM,1.0,,,False,86.463
0 days 00:01:26.454000,5.0,Alexander Albon,23,Williams,16.0,MEDIUM,1.0,,,False,86.454
0 days 00:01:31.436000,7.0,Alexander Albon,23,Williams,17.0,MEDIUM,1.0,0 days 01:20:21.362000,,True,91.436
0 days 00:01:46.033000,13.0,Alexander Albon,23,Williams,18.0,HARD,2.0,,0 days 01:20:46.162000,True,106.033
0 days 00:01:25.254000,13.0,Alexander Albon,23,Williams,19.0,HARD,2.0,,,False,85.254
0 days 00:01:25.074000,12.0,Alexander Albon,23,Williams,20.0,HARD,2.0,,,False,85.074
0 days 00:01:24.860000,12.0,Alexander Albon,23,Williams,21.0,HARD,2.0,,,False,84.86
0 days 00:01:25.053000,12.0,Alexander Albon,23,Williams,22.0,HARD,2.0,,,False,85.053
0 days 00:01:25.132000,12.0,Alexander Albon,23,Williams,23.0,HARD,2.0,,,False,85.132
0 days 00:01:25.196000,12.0,Alexander Albon,23,Williams,24.0,HARD,2.0,,,False,85.196
0 days 00:01:24.707000,11.0,Alexander Albon,23,Williams,25.0,HARD,2.0,,,False,84.707
0 days 00:01:25.065000,11.0,Alexander Albon,23,Williams,26.0,HARD,2.0,,,False,85.065
0 days 00:01:24.949000,11.0,Alexander Albon,23,Williams,27.0,HARD,2.0,,,False,84.949
0 days 00:01:24.793000,11.0,Alexander Albon,23,Williams,28.0,HARD,2.0,,,False,84.793
0 days 00:01:24.871000,11.0,Alexander Albon,23,Williams,29.0,HARD,2.0,,,False,84.871
0 days 00:01:24.754000,11.0,Alexander Albon,23,Williams,30.0,HARD,2.0,,,False,84.754
0 days 00:01:25.229000,10.0,Alexander Albon,23,Williams,31.0,HARD,2.0,,,False,85.229
0 days 00:01:24.412000,10.0,Alexander Albon,23,Williams,32.0,HARD,2.0,,,False,84.412
0 days 00:01:26.282000,11.0,Alexander Albon,23,Williams,33.0,HARD,2.0,,,False,86.282
0 days 00:01:25.570000,10.0,Alexander Albon,23,Williams,34.0,HARD,2.0,,,False,85.57
0 days 00:01:24.994000,10.0,Alexander Albon,23,Williams,35.0,HARD,2.0,,,False,84.994
0 days 00:01:24.748000,8.0,Alexander Albon,23,Williams,36.0,HARD,2.0,,,False,84.748
0 days 00:01:25.882000,10.0,Alexander Albon,23,Williams,37.0,HARD,2.0,,,False,85.882
0 days 00:01:25.214000,10.0,Alexander Albon,23,Williams,38.0,HARD,2.0,,,False,85.214
0 days 00:01:24.971000,10.0,Alexander Albon,23,Williams,39.0,HARD,2.0,,,False,84.971
0 days 00:01:24.552000,10.0,Alexander Albon,23,Williams,40.0,HARD,2.0,,,False,84.552
0 days 00:01:24.372000,10.0,Alexander Albon,23,Williams,41.0,HARD,2.0,,,False,84.372
0 days 00:01:24.874000,10.0,Alexander Albon,23,Williams,42.0,HARD,2.0,,,False,84.874
0 days 00:01:24.669000,10.0,Alexander Albon,23,Williams,43.0,HARD,2.0,,,False,84.669
0 days 00:01:24.678000,10.0,Alexander Albon,23,Williams,44.0,HARD,2.0,,,False,84.678
0 days 00:01:24.569000,10.0,Alexander Albon,23,Williams,45.0,HARD,2.0,,,False,84.569
0 days 00:01:24.554000,10.0,Alexander Albon,23,Williams,46.0,HARD,2.0,,,False,84.554
0 days 00:01:24.383000,10.0,Alexander Albon,23,Williams,47.0,HARD,2.0,,,False,84.383
0 days 00:01:24.149000,10.0,Alexander Albon,23,Williams,48.0,HARD,2.0,,,False,84.149
0 days 00:01:24.262000,10.0,Alexander Albon,23,Williams,49.0,HARD,2.0,,,False,84.262
0 days 00:01:23.956000,10.0,Alexander Albon,23,Williams,50.0,HARD,2.0,,,False,83.956
0 days 00:01:23.921000,10.0,Alexander Albon,23,Williams,51.0,HARD,2.0,,,False,83.921
0 days 00:01:23.955000,10.0,Alexander Albon,23,Williams,52.0,HARD,2.0,,,False,83.955
0 days 00:01:23.918000,10.0,Alexander Albon,23,Williams,53.0,HARD,2.0,,,False,83.918
0 days 00:01:33.931000,12.0,Kevin Magnussen,20,Haas F1 Team,1.0,MEDIUM,1.0,,,False,93.931
0 days 00:01:27.205000,12.0,Kevin Magnussen,20,Haas F1 Team,2.0,MEDIUM,1.0,,,False,87.205
0 days 00:01:26.584000,12.0,Kevin Magnussen,20,Haas F1 Team,3.0,MEDIUM,1.0,,,False,86.584
0 days 00:01:26.372000,12.0,Kevin Magnussen,20,Haas F1 Team,4.0,MEDIUM,1.0,,,False,86.372
0 days 00:01:26.142000,12.0,Kevin Magnussen,20,Haas F1 Team,5.0,MEDIUM,1.0,,,False,86.142
0 days 00:01:25.902000,12.0,Kevin Magnussen,20,Haas F1 Team,6.0,MEDIUM,1.0,,,False,85.902
0 days 00:01:25.825000,12.0,Kevin Magnussen,20,Haas F1 Team,7.0,MEDIUM,1.0,,,False,85.825
0 days 00:01:25.966000,12.0,Kevin Magnussen,20,Haas F1 Team,8.0,MEDIUM,1.0,,,False,85.966
0 days 00:01:25.785000,12.0,Kevin Magnussen,20,Haas F1 Team,9.0,MEDIUM,1.0,,,False,85.785
0 days 00:01:25.799000,12.0,Kevin Magnussen,20,Haas F1 Team,10.0,MEDIUM,1.0,,,False,85.799
0 days 00:01:26.040000,11.0,Kevin Magnussen,20,Haas F1 Team,11.0,MEDIUM,1.0,,,False,86.04
0 days 00:01:26.145000,9.0,Kevin Magnussen,20,Haas F1 Team,12.0,MEDIUM,1.0,,,False,86.145
0 days 00:01:26.286000,9.0,Kevin Magnussen,20,Haas F1 Team,13.0,MEDIUM,1.0,,,False,86.286
0 days 00:01:29.943000,11.0,Kevin Magnussen,20,Haas F1 Team,14.0,MEDIUM,1.0,0 days 01:16:04.594000,,True,89.943
0 days 00:01:47.023000,17.0,Kevin Magnussen,20,Haas F1 Team,15.0,HARD,2.0,,0 days 01:16:30.263000,True,107.023
0 days 00:01:25.644000,16.0,Kevin Magnussen,20,Haas F1 Team,16.0,HARD,2.0,,,False,85.644
0 days 00:01:24.769000,15.0,Kevin Magnussen,20,Haas F1 Team,17.0,HARD,2.0,,,False,84.769
0 days 00:01:26.533000,15.0,Kevin Magnussen,20,Haas F1 Team,18.0,HARD,2.0,,,False,86.533
0 days 00:01:25.109000,15.0,Kevin Magnussen,20,Haas F1 Team,19.0,HARD,2.0,,,False,85.109
0 days 00:01:25.154000,14.0,Kevin Magnussen,20,Haas F1 Team,20.0,HARD,2.0,,,False,85.154
0 days 00:01:24.793000,14.0,Kevin Magnussen,20,Haas F1 Team,21.0,HARD,2.0,,,False,84.793
0 days 00:01:25.071000,14.0,Kevin Magnussen,20,Haas F1 Team,22.0,HARD,2.0,,,False,85.071
0 days 00:01:25.057000,13.0,Kevin Magnussen,20,Haas F1 Team,23.0,HARD,2.0,,,False,85.057
0 days 00:01:25.131000,13.0,Kevin Magnussen,20,Haas F1 Team,24.0,HARD,2.0,,,False,85.131
0 days 00:01:25.504000,13.0,Kevin Magnussen,20,Haas F1 Team,25.0,HARD,2.0,,,False,85.504
0 days 00:01:25.199000,12.0,Kevin Magnussen,20,Haas F1 Team,26.0,HARD,2.0,,,False,85.199
0 days 00:01:24.640000,12.0,Kevin Magnussen,20,Haas F1 Team,27.0,HARD,2.0,,,False,84.64
0 days 00:01:24.415000,12.0,Kevin Magnussen,20,Haas F1 Team,28.0,HARD,2.0,,,False,84.415
0 days 00:01:24.799000,12.0,Kevin Magnussen,20,Haas F1 Team,29.0,HARD,2.0,,,False,84.799
0 days 00:01:24.573000,12.0,Kevin Magnussen,20,Haas F1 Team,30.0,HARD,2.0,,,False,84.573
0 days 00:01:24.458000,11.0,Kevin Magnussen,20,Haas F1 Team,31.0,HARD,2.0,,,False,84.458
0 days 00:01:24.408000,11.0,Kevin Magnussen,20,Haas F1 Team,32.0,HARD,2.0,,,False,84.408
0 days 00:01:24.853000,10.0,Kevin Magnussen,20,Haas F1 Team,33.0,HARD,2.0,,,False,84.853
0 days 00:01:24.702000,9.0,Kevin Magnussen,20,Haas F1 Team,34.0,HARD,2.0,,,False,84.702
0 days 00:01:24.170000,8.0,Kevin Magnussen,20,Haas F1 Team,35.0,HARD,2.0,,,False,84.17
0 days 00:01:24.276000,7.0,Kevin Magnussen,20,Haas F1 Team,36.0,HARD,2.0,,,False,84.276
0 days 00:01:23.950000,7.0,Kevin Magnussen,20,Haas F1 Team,37.0,HARD,2.0,,,False,83.95
0 days 00:01:24.803000,7.0,Kevin Magnussen,20,Haas F1 Team,38.0,HARD,2.0,,,False,84.803
0 days 00:01:24.463000,7.0,Kevin Magnussen,20,Haas F1 Team,39.0,HARD,2.0,,,False,84.463
0 days 00:01:24.282000,7.0,Kevin Magnussen,20,Haas F1 Team,40.0,HARD,2.0,,,False,84.282
0 days 00:01:24.625000,7.0,Kevin Magnussen,20,Haas F1 Team,41.0,HARD,2.0,,,False,84.625
0 days 00:01:24.628000,8.0,Kevin Magnussen,20,Haas F1 Team,42.0,HARD,2.0,,,False,84.628
0 days 00:01:24.605000,8.0,Kevin Magnussen,20,Haas F1 Team,43.0,HARD,2.0,,,False,84.605
0 days 00:01:25.205000,9.0,Kevin Magnussen,20,Haas F1 Team,44.0,HARD,2.0,,,False,85.205
0 days 00:01:24.272000,9.0,Kevin Magnussen,20,Haas F1 Team,45.0,HARD,2.0,,,False,84.272
0 days 00:01:24.124000,9.0,Kevin Magnussen,20,Haas F1 Team,46.0,HARD,2.0,,,False,84.124
0 days 00:01:23.971000,9.0,Kevin Magnussen,20,Haas F1 Team,47.0,HARD,2.0,,,False,83.971
0 days 00:01:23.741000,9.0,Kevin Magnussen,20,Haas F1 Team,48.0,HARD,2.0,,,False,83.741
0 days 00:01:23.708000,9.0,Kevin Magnussen,20,Haas F1 Team,49.0,HARD,2.0,,,False,83.708
0 days 00:01:23.603000,9.0,Kevin Magnussen,20,Haas F1 Team,50.0,HARD,2.0,,,False,83.603
0 days 00:01:23.437000,9.0,Kevin Magnussen,20,Haas F1 Team,51.0,HARD,2.0,,,False,83.437
0 days 00:01:23.691000,9.0,Kevin Magnussen,20,Haas F1 Team,52.0,HARD,2.0,,,False,83.691
0 days 00:01:23.715000,9.0,Kevin Magnussen,20,Haas F1 Team,53.0,HARD,2.0,,,False,83.715
0 days 00:01:32.411000,10.0,Fernando Alonso,14,Aston Martin,1.0,MEDIUM,1.0,,,False,92.411
0 days 00:01:27.236000,10.0,Fernando Alonso,14,Aston Martin,2.0,MEDIUM,1.0,,,False,87.236
0 days 00:01:26.410000,10.0,Fernando Alonso,14,Aston Martin,3.0,MEDIUM,1.0,,,False,86.41
0 days 00:01:26.411000,10.0,Fernando Alonso,14,Aston Martin,4.0,MEDIUM,1.0,,,False,86.411
0 days 00:01:26.218000,10.0,Fernando Alonso,14,Aston Martin,5.0,MEDIUM,1.0,,,False,86.218
0 days 00:01:25.911000,10.0,Fernando Alonso,14,Aston Martin,6.0,MEDIUM,1.0,,,False,85.911
0 days 00:01:25.950000,10.0,Fernando Alonso,14,Aston Martin,7.0,MEDIUM,1.0,,,False,85.95
0 days 00:01:25.693000,10.0,Fernando Alonso,14,Aston Martin,8.0,MEDIUM,1.0,,,False,85.693
0 days 00:01:25.969000,10.0,Fernando Alonso,14,Aston Martin,9.0,MEDIUM,1.0,,,False,85.969
0 days 00:01:25.832000,10.0,Fernando Alonso,14,Aston Martin,10.0,MEDIUM,1.0,,,False,85.832
0 days 00:01:25.758000,10.0,Fernando Alonso,14,Aston Martin,11.0,MEDIUM,1.0,,,False,85.758
0 days 00:01:29.740000,11.0,Fernando Alonso,14,Aston Martin,12.0,MEDIUM,1.0,0 days 01:13:10.512000,,True,89.74
0 days 00:01:45.594000,15.0,Fernando Alonso,14,Aston Martin,13.0,HARD,2.0,,0 days 01:13:35.387000,True,105.594
0 days 00:01:25.832000,16.0,Fernando Alonso,14,Aston Martin,14.0,HARD,2.0,,,False,85.832
0 days 00:01:24.670000,15.0,Fernando Alonso,14,Aston Martin,15.0,HARD,2.0,,,False,84.67
0 days 00:01:24.614000,14.0,Fernando Alonso,14,Aston Martin,16.0,HARD,2.0,,,False,84.614
0 days 00:01:24.574000,13.0,Fernando Alonso,14,Aston Martin,17.0,HARD,2.0,,,False,84.574
0 days 00:01:24.882000,12.0,Fernando Alonso,14,Aston Martin,18.0,HARD,2.0,,,False,84.882
0 days 00:01:25.314000,12.0,Fernando Alonso,14,Aston Martin,19.0,HARD,2.0,,,False,85.314
0 days 00:01:25.676000,11.0,Fernando Alonso,14,Aston Martin,20.0,HARD,2.0,,,False,85.676
0 days 00:01:25.297000,11.0,Fernando Alonso,14,Aston Martin,21.0,HARD,2.0,,,False,85.297
0 days 00:01:25.451000,10.0,Fernando Alonso,14,Aston Martin,22.0,HARD,2.0,,,False,85.451
0 days 00:01:25.017000,10.0,Fernando Alonso,14,Aston Martin,23.0,HARD,2.0,,,False,85.017
0 days 00:01:24.588000,10.0,Fernando Alonso,14,Aston Martin,24.0,HARD,2.0,,,False,84.588
0 days 00:01:24.504000,10.0,Fernando Alonso,14,Aston Martin,25.0,HARD,2.0,,,False,84.504
0 days 00:01:24.937000,10.0,Fernando Alonso,14,Aston Martin,26.0,HARD,2.0,,,False,84.937
0 days 00:01:24.891000,9.0,Fernando Alonso,14,Aston Martin,27.0,HARD,2.0,,,False,84.891
0 days 00:01:24.725000,9.0,Fernando Alonso,14,Aston Martin,28.0,HARD,2.0,,,False,84.725
0 days 00:01:25.011000,9.0,Fernando Alonso,14,Aston Martin,29.0,HARD,2.0,,,False,85.011
0 days 00:01:25.039000,9.0,Fernando Alonso,14,Aston Martin,30.0,HARD,2.0,,,False,85.039
0 days 00:01:25.128000,9.0,Fernando Alonso,14,Aston Martin,31.0,HARD,2.0,,,False,85.128
0 days 00:01:25.099000,9.0,Fernando Alonso,14,Aston Martin,32.0,HARD,2.0,,,False,85.099
0 days 00:01:25.289000,9.0,Fernando Alonso,14,Aston Martin,33.0,HARD,2.0,,,False,85.289
0 days 00:01:25.083000,8.0,Fernando Alonso,14,Aston Martin,34.0,HARD,2.0,,,False,85.083
0 days 00:01:29.799000,9.0,Fernando Alonso,14,Aston Martin,35.0,HARD,2.0,0 days 01:46:11.502000,,True,89.799
0 days 00:01:44.152000,14.0,Fernando Alonso,14,Aston Martin,36.0,HARD,3.0,,0 days 01:46:36.063000,True,104.152
0 days 00:01:23.703000,13.0,Fernando Alonso,14,Aston Martin,37.0,HARD,3.0,,,False,83.703
0 days 00:01:23.847000,13.0,Fernando Alonso,14,Aston Martin,38.0,HARD,3.0,,,False,83.847
0 days 00:01:23.770000,13.0,Fernando Alonso,14,Aston Martin,39.0,HARD,3.0,,,False,83.77
0 days 00:01:23.683000,13.0,Fernando Alonso,14,Aston Martin,40.0,HARD,3.0,,,False,83.683
0 days 00:01:23.822000,13.0,Fernando Alonso,14,Aston Martin,41.0,HARD,3.0,,,False,83.822
0 days 00:01:23.637000,13.0,Fernando Alonso,14,Aston Martin,42.0,HARD,3.0,,,False,83.637
0 days 00:01:23.681000,12.0,Fernando Alonso,14,Aston Martin,43.0,HARD,3.0,,,False,83.681
0 days 00:01:23.529000,12.0,Fernando Alonso,14,Aston Martin,44.0,HARD,3.0,,,False,83.529
0 days 00:01:23.484000,12.0,Fernando Alonso,14,Aston Martin,45.0,HARD,3.0,,,False,83.484
0 days 00:01:22.944000,11.0,Fernando Alonso,14,Aston Martin,46.0,HARD,3.0,,,False,82.944
0 days 00:01:23.221000,11.0,Fernando Alonso,14,Aston Martin,47.0,HARD,3.0,,,False,83.221
0 days 00:01:23.245000,11.0,Fernando Alonso,14,Aston Martin,48.0,HARD,3.0,,,False,83.245
0 days 00:01:23.525000,11.0,Fernando Alonso,14,Aston Martin,49.0,HARD,3.0,,,False,83.525
0 days 00:01:23.511000,11.0,Fernando Alonso,14,Aston Martin,50.0,HARD,3.0,,,False,83.511
0 days 00:01:23.468000,11.0,Fernando Alonso,14,Aston Martin,51.0,HARD,3.0,,,False,83.468
0 days 00:01:23.761000,11.0,Fernando Alonso,14,Aston Martin,52.0,HARD,3.0,,,False,83.761
0 days 00:01:23.686000,11.0,Fernando Alonso,14,Aston Martin,53.0,HARD,3.0,,,False,83.686
0 days 00:01:35.885000,18.0,Franco Colapinto,43,Williams,1.0,MEDIUM,1.0,,,False,95.885
0 days 00:01:27.845000,17.0,Franco Colapinto,43,Williams,2.0,MEDIUM,1.0,,,False,87.845
0 days 00:01:26.578000,17.0,Franco Colapinto,43,Williams,3.0,MEDIUM,1.0,,,False,86.578
0 days 00:01:26.250000,17.0,Franco Colapinto,43,Williams,4.0,MEDIUM,1.0,,,False,86.25
0 days 00:01:27.151000,15.0,Franco Colapinto,43,Williams,5.0,MEDIUM,1.0,,,False,87.151
0 days 00:01:26.057000,15.0,Franco Colapinto,43,Williams,6.0,MEDIUM,1.0,,,False,86.057
0 days 00:01:27.204000,16.0,Franco Colapinto,43,Williams,7.0,MEDIUM,1.0,,,False,87.204
0 days 00:01:26.385000,16.0,Franco Colapinto,43,Williams,8.0,MEDIUM,1.0,,,False,86.385
0 days 00:01:26.222000,16.0,Franco Colapinto,43,Williams,9.0,MEDIUM,1.0,,,False,86.222
0 days 00:01:26.289000,15.0,Franco Colapinto,43,Williams,10.0,MEDIUM,1.0,,,False,86.289
0 days 00:01:26.607000,15.0,Franco Colapinto,43,Williams,11.0,MEDIUM,1.0,,,False,86.607
0 days 00:01:26.500000,13.0,Franco Colapinto,43,Williams,12.0,MEDIUM,1.0,,,False,86.5
0 days 00:01:26.410000,12.0,Franco Colapinto,43,Williams,13.0,MEDIUM,1.0,,,False,86.41
0 days 00:01:26.930000,12.0,Franco Colapinto,43,Williams,14.0,MEDIUM,1.0,,,False,86.93
0 days 00:01:26.672000,11.0,Franco Colapinto,43,Williams,15.0,MEDIUM,1.0,,,False,86.672
0 days 00:01:31.193000,12.0,Franco Colapinto,43,Williams,16.0,MEDIUM,1.0,0 days 01:19:07.220000,,True,91.193
0 days 00:01:46.349000,17.0,Franco Colapinto,43,Williams,17.0,HARD,2.0,,0 days 01:19:32.407000,True,106.349
0 days 00:01:24.485000,17.0,Franco Colapinto,43,Williams,18.0,HARD,2.0,,,False,84.485
0 days 00:01:24.928000,17.0,Franco Colapinto,43,Williams,19.0,HARD,2.0,,,False,84.928
0 days 00:01:25.148000,16.0,Franco Colapinto,43,Williams,20.0,HARD,2.0,,,False,85.148
0 days 00:01:24.784000,16.0,Franco Colapinto,43,Williams,21.0,HARD,2.0,,,False,84.784
0 days 00:01:24.852000,16.0,Franco Colapinto,43,Williams,22.0,HARD,2.0,,,False,84.852
0 days 00:01:24.649000,16.0,Franco Colapinto,43,Williams,23.0,HARD,2.0,,,False,84.649
0 days 00:01:24.635000,16.0,Franco Colapinto,43,Williams,24.0,HARD,2.0,,,False,84.635
0 days 00:01:24.916000,16.0,Franco Colapinto,43,Williams,25.0,HARD,2.0,,,False,84.916
0 days 00:01:24.639000,16.0,Franco Colapinto,43,Williams,26.0,HARD,2.0,,,False,84.639
0 days 00:01:24.497000,16.0,Franco Colapinto,43,Williams,27.0,HARD,2.0,,,False,84.497
0 days 00:01:25.005000,16.0,Franco Colapinto,43,Williams,28.0,HARD,2.0,,,False,85.005
0 days 00:01:25.634000,16.0,Franco Colapinto,43,Williams,29.0,HARD,2.0,,,False,85.634
0 days 00:01:25.412000,15.0,Franco Colapinto,43,Williams,30.0,HARD,2.0,,,False,85.412
0 days 00:01:25.586000,15.0,Franco Colapinto,43,Williams,31.0,HARD,2.0,,,False,85.586
0 days 00:01:25.433000,13.0,Franco Colapinto,43,Williams,32.0,HARD,2.0,,,False,85.433
0 days 00:01:24.868000,13.0,Franco Colapinto,43,Williams,33.0,HARD,2.0,,,False,84.868
0 days 00:01:24.921000,13.0,Franco Colapinto,43,Williams,34.0,HARD,2.0,,,False,84.921
0 days 00:01:24.798000,13.0,Franco Colapinto,43,Williams,35.0,HARD,2.0,,,False,84.798
0 days 00:01:24.840000,12.0,Franco Colapinto,43,Williams,36.0,HARD,2.0,,,False,84.84
0 days 00:01:25.345000,12.0,Franco Colapinto,43,Williams,37.0,HARD,2.0,,,False,85.345
0 days 00:01:25.194000,12.0,Franco Colapinto,43,Williams,38.0,HARD,2.0,,,False,85.194
0 days 00:01:25.128000,12.0,Franco Colapinto,43,Williams,39.0,HARD,2.0,,,False,85.128
0 days 00:01:25.147000,12.0,Franco Colapinto,43,Williams,40.0,HARD,2.0,,,False,85.147
0 days 00:01:24.801000,12.0,Franco Colapinto,43,Williams,41.0,HARD,2.0,,,False,84.801
0 days 00:01:24.620000,12.0,Franco Colapinto,43,Williams,42.0,HARD,2.0,,,False,84.62
0 days 00:01:25.979000,13.0,Franco Colapinto,43,Williams,43.0,HARD,2.0,,,False,85.979
0 days 00:01:25.161000,13.0,Franco Colapinto,43,Williams,44.0,HARD,2.0,,,False,85.161
0 days 00:01:24.812000,13.0,Franco Colapinto,43,Williams,45.0,HARD,2.0,,,False,84.812
0 days 00:01:24.939000,13.0,Franco Colapinto,43,Williams,46.0,HARD,2.0,,,False,84.939
0 days 00:01:24.697000,13.0,Franco Colapinto,43,Williams,47.0,HARD,2.0,,,False,84.697
0 days 00:01:24.538000,13.0,Franco Colapinto,43,Williams,48.0,HARD,2.0,,,False,84.538
0 days 00:01:24.474000,13.0,Franco Colapinto,43,Williams,49.0,HARD,2.0,,,False,84.474
0 days 00:01:24.300000,13.0,Franco Colapinto,43,Williams,50.0,HARD,2.0,,,False,84.3
0 days 00:01:24.186000,13.0,Franco Colapinto,43,Williams,51.0,HARD,2.0,,,False,84.186
0 days 00:01:24.429000,13.0,Franco Colapinto,43,Williams,52.0,HARD,2.0,,,False,84.429
0 days 00:01:23.728000,13.0,Franco Colapinto,43,Williams,53.0,HARD,2.0,,,False,83.728
0 days 00:01:33.104000,11.0,Daniel Ricciardo,3,RB,1.0,MEDIUM,1.0,,,False,93.104
0 days 00:01:27.177000,11.0,Daniel Ricciardo,3,RB,2.0,MEDIUM,1.0,,,False,87.177
0 days 00:01:26.588000,11.0,Daniel Ricciardo,3,RB,3.0,MEDIUM,1.0,,,False,86.588
0 days 00:01:26.488000,11.0,Daniel Ricciardo,3,RB,4.0,MEDIUM,1.0,,,False,86.488
0 days 00:01:26.251000,11.0,Daniel Ricciardo,3,RB,5.0,MEDIUM,1.0,,,False,86.251
0 days 00:01:25.899000,11.0,Daniel Ricciardo,3,RB,6.0,MEDIUM,1.0,,,False,85.899
0 days 00:01:25.713000,11.0,Daniel Ricciardo,3,RB,7.0,MEDIUM,1.0,,,False,85.713
0 days 00:01:25.993000,11.0,Daniel Ricciardo,3,RB,8.0,MEDIUM,1.0,,,False,85.993
0 days 00:01:25.815000,11.0,Daniel Ricciardo,3,RB,9.0,MEDIUM,1.0,,,False,85.815
0 days 00:01:26.111000,11.0,Daniel Ricciardo,3,RB,10.0,MEDIUM,1.0,,,False,86.111
0 days 00:01:31.962000,14.0,Daniel Ricciardo,3,RB,11.0,MEDIUM,1.0,0 days 01:11:48.208000,,True,91.962
0 days 00:01:52.188000,18.0,Daniel Ricciardo,3,RB,12.0,HARD,2.0,,0 days 01:12:18.601000,True,112.188
0 days 00:01:26.122000,18.0,Daniel Ricciardo,3,RB,13.0,HARD,2.0,,,False,86.122
0 days 00:01:25.827000,18.0,Daniel Ricciardo,3,RB,14.0,HARD,2.0,,,False,85.827
0 days 00:01:25.572000,18.0,Daniel Ricciardo,3,RB,15.0,HARD,2.0,,,False,85.572
0 days 00:01:25.398000,17.0,Daniel Ricciardo,3,RB,16.0,HARD,2.0,,,False,85.398
0 days 00:01:25.028000,16.0,Daniel Ricciardo,3,RB,17.0,HARD,2.0,,,False,85.028
0 days 00:01:25.062000,16.0,Daniel Ricciardo,3,RB,18.0,HARD,2.0,,,False,85.062
0 days 00:01:24.897000,16.0,Daniel Ricciardo,3,RB,19.0,HARD,2.0,,,False,84.897
0 days 00:01:24.753000,15.0,Daniel Ricciardo,3,RB,20.0,HARD,2.0,,,False,84.753
0 days 00:01:24.991000,15.0,Daniel Ricciardo,3,RB,21.0,HARD,2.0,,,False,84.991
0 days 00:01:25.080000,15.0,Daniel Ricciardo,3,RB,22.0,HARD,2.0,,,False,85.08
0 days 00:01:24.848000,15.0,Daniel Ricciardo,3,RB,23.0,HARD,2.0,,,False,84.848
0 days 00:01:24.931000,15.0,Daniel Ricciardo,3,RB,24.0,HARD,2.0,,,False,84.931
0 days 00:01:25.047000,15.0,Daniel Ricciardo,3,RB,25.0,HARD,2.0,,,False,85.047
0 days 00:01:24.906000,15.0,Daniel Ricciardo,3,RB,26.0,HARD,2.0,,,False,84.906
0 days 00:01:25.595000,14.0,Daniel Ricciardo,3,RB,27.0,HARD,2.0,,,False,85.595
0 days 00:01:25.380000,14.0,Daniel Ricciardo,3,RB,28.0,HARD,2.0,,,False,85.38
0 days 00:01:24.835000,13.0,Daniel Ricciardo,3,RB,29.0,HARD,2.0,,,False,84.835
0 days 00:01:24.970000,13.0,Daniel Ricciardo,3,RB,30.0,HARD,2.0,,,False,84.97
0 days 00:01:24.875000,13.0,Daniel Ricciardo,3,RB,31.0,HARD,2.0,,,False,84.875
0 days 00:01:24.690000,12.0,Daniel Ricciardo,3,RB,32.0,HARD,2.0,,,False,84.69
0 days 00:01:24.662000,12.0,Daniel Ricciardo,3,RB,33.0,HARD,2.0,,,False,84.662
0 days 00:01:24.777000,11.0,Daniel Ricciardo,3,RB,34.0,HARD,2.0,,,False,84.777
0 days 00:01:25.588000,12.0,Daniel Ricciardo,3,RB,35.0,HARD,2.0,,,False,85.588
0 days 00:01:25.081000,11.0,Daniel Ricciardo,3,RB,36.0,HARD,2.0,,,False,85.081
0 days 00:01:25.095000,11.0,Daniel Ricciardo,3,RB,37.0,HARD,2.0,,,False,85.095
0 days 00:01:25.288000,11.0,Daniel Ricciardo,3,RB,38.0,HARD,2.0,,,False,85.288
0 days 00:01:25.033000,11.0,Daniel Ricciardo,3,RB,39.0,HARD,2.0,,,False,85.033
0 days 00:01:25.025000,11.0,Daniel Ricciardo,3,RB,40.0,HARD,2.0,,,False,85.025
0 days 00:01:24.945000,11.0,Daniel Ricciardo,3,RB,41.0,HARD,2.0,,,False,84.945
0 days 00:01:24.954000,11.0,Daniel Ricciardo,3,RB,42.0,HARD,2.0,,,False,84.954
0 days 00:01:25.179000,11.0,Daniel Ricciardo,3,RB,43.0,HARD,2.0,,,False,85.179
0 days 00:01:24.776000,11.0,Daniel Ricciardo,3,RB,44.0,HARD,2.0,,,False,84.776
0 days 00:01:25.063000,11.0,Daniel Ricciardo,3,RB,45.0,HARD,2.0,,,False,85.063
0 days 00:01:25.685000,12.0,Daniel Ricciardo,3,RB,46.0,HARD,2.0,,,False,85.685
0 days 00:01:24.775000,12.0,Daniel Ricciardo,3,RB,47.0,HARD,2.0,,,False,84.775
0 days 00:01:24.518000,12.0,Daniel Ricciardo,3,RB,48.0,HARD,2.0,,,False,84.518
0 days 00:01:24.617000,12.0,Daniel Ricciardo,3,RB,49.0,HARD,2.0,,,False,84.617
0 days 00:01:24.817000,12.0,Daniel Ricciardo,3,RB,50.0,HARD,2.0,,,False,84.817
0 days 00:01:24.639000,12.0,Daniel Ricciardo,3,RB,51.0,HARD,2.0,,,False,84.639
0 days 00:01:24.219000,12.0,Daniel Ricciardo,3,RB,52.0,HARD,2.0,,,False,84.219
0 days 00:01:24.347000,12.0,Daniel Ricciardo,3,RB,53.0,HARD,2.0,,,False,84.347
0 days 00:01:35.432000,15.0,Esteban Ocon,31,Alpine,1.0,HARD,1.0,,,False,95.432
0 days 00:01:26.837000,14.0,Esteban Ocon,31,Alpine,2.0,HARD,1.0,,,False,86.837
0 days 00:01:26.466000,14.0,Esteban Ocon,31,Alpine,3.0,HARD,1.0,,,False,86.466
0 days 00:01:26.297000,14.0,Esteban Ocon,31,Alpine,4.0,HARD,1.0,,,False,86.297
0 days 00:01:26.568000,14.0,Esteban Ocon,31,Alpine,5.0,HARD,1.0,,,False,86.568
0 days 00:01:25.684000,14.0,Esteban Ocon,31,Alpine,6.0,HARD,1.0,,,False,85.684
0 days 00:01:26.006000,14.0,Esteban Ocon,31,Alpine,7.0,HARD,1.0,,,False,86.006
0 days 00:01:26.053000,14.0,Esteban Ocon,31,Alpine,8.0,HARD,1.0,,,False,86.053
0 days 00:01:25.369000,13.0,Esteban Ocon,31,Alpine,9.0,HARD,1.0,,,False,85.369
0 days 00:01:26.035000,13.0,Esteban Ocon,31,Alpine,10.0,HARD,1.0,,,False,86.035
0 days 00:01:26.349000,12.0,Esteban Ocon,31,Alpine,11.0,HARD,1.0,,,False,86.349
0 days 00:01:25.954000,10.0,Esteban Ocon,31,Alpine,12.0,HARD,1.0,,,False,85.954
0 days 00:01:26.059000,10.0,Esteban Ocon,31,Alpine,13.0,HARD,1.0,,,False,86.059
0 days 00:01:26.307000,9.0,Esteban Ocon,31,Alpine,14.0,HARD,1.0,,,False,86.307
0 days 00:01:26.677000,9.0,Esteban Ocon,31,Alpine,15.0,HARD,1.0,,,False,86.677
0 days 00:01:26.694000,8.0,Esteban Ocon,31,Alpine,16.0,HARD,1.0,,,False,86.694
0 days 00:01:26.002000,8.0,Esteban Ocon,31,Alpine,17.0,HARD,1.0,,,False,86.002
0 days 00:01:26.234000,7.0,Esteban Ocon,31,Alpine,18.0,HARD,1.0,,,False,86.234
0 days 00:01:26.174000,7.0,Esteban Ocon,31,Alpine,19.0,HARD,1.0,,,False,86.174
0 days 00:01:27.326000,8.0,Esteban Ocon,31,Alpine,20.0,HARD,1.0,,,False,87.326
0 days 00:01:26.450000,8.0,Esteban Ocon,31,Alpine,21.0,HARD,1.0,,,False,86.45
0 days 00:01:26.327000,8.0,Esteban Ocon,31,Alpine,22.0,HARD,1.0,,,False,86.327
0 days 00:01:26.201000,7.0,Esteban Ocon,31,Alpine,23.0,HARD,1.0,,,False,86.201
0 days 00:01:26.770000,7.0,Esteban Ocon,31,Alpine,24.0,HARD,1.0,,,False,86.77
0 days 00:01:27.519000,9.0,Esteban Ocon,31,Alpine,25.0,HARD,1.0,,,False,87.519
0 days 00:01:26.383000,9.0,Esteban Ocon,31,Alpine,26.0,HARD,1.0,,,False,86.383
0 days 00:01:26.725000,10.0,Esteban Ocon,31,Alpine,27.0,HARD,1.0,,,False,86.725
0 days 00:01:26.013000,10.0,Esteban Ocon,31,Alpine,28.0,HARD,1.0,,,False,86.013
0 days 00:01:26.099000,10.0,Esteban Ocon,31,Alpine,29.0,HARD,1.0,,,False,86.099
0 days 00:01:26.025000,10.0,Esteban Ocon,31,Alpine,30.0,HARD,1.0,,,False,86.025
0 days 00:01:30.757000,12.0,Esteban Ocon,31,Alpine,31.0,HARD,1.0,0 days 01:40:36.781000,,True,90.757
0 days 00:01:44.710000,16.0,Esteban Ocon,31,Alpine,32.0,MEDIUM,2.0,,0 days 01:41:00.975000,True,104.71
0 days 00:01:24.652000,16.0,Esteban Ocon,31,Alpine,33.0,MEDIUM,2.0,,,False,84.652
0 days 00:01:24.965000,15.0,Esteban Ocon,31,Alpine,34.0,MEDIUM,2.0,,,False,84.965
0 days 00:01:25.019000,15.0,Esteban Ocon,31,Alpine,35.0,MEDIUM,2.0,,,False,85.019
0 days 00:01:24.942000,15.0,Esteban Ocon,31,Alpine,36.0,MEDIUM,2.0,,,False,84.942
0 days 00:01:24.613000,14.0,Esteban Ocon,31,Alpine,37.0,MEDIUM,2.0,,,False,84.613
0 days 00:01:24.845000,14.0,Esteban Ocon,31,Alpine,38.0,MEDIUM,2.0,,,False,84.845
0 days 00:01:25.267000,14.0,Esteban Ocon,31,Alpine,39.0,MEDIUM,2.0,,,False,85.267
0 days 00:01:25.211000,14.0,Esteban Ocon,31,Alpine,40.0,MEDIUM,2.0,,,False,85.211
0 days 00:01:25.060000,14.0,Esteban Ocon,31,Alpine,41.0,MEDIUM,2.0,,,False,85.06
0 days 00:01:25.119000,14.0,Esteban Ocon,31,Alpine,42.0,MEDIUM,2.0,,,False,85.119
0 days 00:01:26.111000,14.0,Esteban Ocon,31,Alpine,43.0,MEDIUM,2.0,,,False,86.111
0 days 00:01:24.669000,14.0,Esteban Ocon,31,Alpine,44.0,MEDIUM,2.0,,,False,84.669
0 days 00:01:24.587000,14.0,Esteban Ocon,31,Alpine,45.0,MEDIUM,2.0,,,False,84.587
0 days 00:01:24.449000,14.0,Esteban Ocon,31,Alpine,46.0,MEDIUM,2.0,,,False,84.449
0 days 00:01:24.506000,14.0,Esteban Ocon,31,Alpine,47.0,MEDIUM,2.0,,,False,84.506
0 days 00:01:24.458000,14.0,Esteban Ocon,31,Alpine,48.0,MEDIUM,2.0,,,False,84.458
0 days 00:01:25.790000,14.0,Esteban Ocon,31,Alpine,49.0,MEDIUM,2.0,,,False,85.79
0 days 00:01:25.688000,14.0,Esteban Ocon,31,Alpine,50.0,MEDIUM,2.0,,,False,85.688
0 days 00:01:24.590000,14.0,Esteban Ocon,31,Alpine,51.0,MEDIUM,2.0,,,False,84.59
0 days 00:01:24.343000,14.0,Esteban Ocon,31,Alpine,52.0,MEDIUM,2.0,,,False,84.343
0 days 00:01:34.873000,13.0,Pierre Gasly,10,Alpine,1.0,MEDIUM,1.0,,,False,94.873
0 days 00:01:26.606000,13.0,Pierre Gasly,10,Alpine,2.0,MEDIUM,1.0,,,False,86.606
0 days 00:01:26.646000,13.0,Pierre Gasly,10,Alpine,3.0,MEDIUM,1.0,,,False,86.646
0 days 00:01:26.395000,13.0,Pierre Gasly,10,Alpine,4.0,MEDIUM,1.0,,,False,86.395
0 days 00:01:26.361000,13.0,Pierre Gasly,10,Alpine,5.0,MEDIUM,1.0,,,False,86.361
0 days 00:01:26.042000,13.0,Pierre Gasly,10,Alpine,6.0,MEDIUM,1.0,,,False,86.042
0 days 00:01:25.820000,13.0,Pierre Gasly,10,Alpine,7.0,MEDIUM,1.0,,,False,85.82
0 days 00:01:26.465000,13.0,Pierre Gasly,10,Alpine,8.0,MEDIUM,1.0,,,False,86.465
0 days 00:01:27.148000,14.0,Pierre Gasly,10,Alpine,9.0,MEDIUM,1.0,,,False,87.148
0 days 00:01:31.535000,17.0,Pierre Gasly,10,Alpine,10.0,MEDIUM,1.0,0 days 01:10:24.834000,,True,91.535
0 days 00:01:45.677000,18.0,Pierre Gasly,10,Alpine,11.0,HARD,2.0,,0 days 01:10:49.253000,True,105.677
0 days 00:01:25.070000,17.0,Pierre Gasly,10,Alpine,12.0,HARD,2.0,,,False,85.07
0 days 00:01:24.816000,17.0,Pierre Gasly,10,Alpine,13.0,HARD,2.0,,,False,84.816
0 days 00:01:25.214000,17.0,Pierre Gasly,10,Alpine,14.0,HARD,2.0,,,False,85.214
0 days 00:01:25.529000,16.0,Pierre Gasly,10,Alpine,15.0,HARD,2.0,,,False,85.529
0 days 00:01:25.537000,15.0,Pierre Gasly,10,Alpine,16.0,HARD,2.0,,,False,85.537
0 days 00:01:25.165000,14.0,Pierre Gasly,10,Alpine,17.0,HARD,2.0,,,False,85.165
0 days 00:01:26.182000,14.0,Pierre Gasly,10,Alpine,18.0,HARD,2.0,,,False,86.182
0 days 00:01:25.403000,14.0,Pierre Gasly,10,Alpine,19.0,HARD,2.0,,,False,85.403
0 days 00:01:25.058000,13.0,Pierre Gasly,10,Alpine,20.0,HARD,2.0,,,False,85.058
0 days 00:01:24.878000,13.0,Pierre Gasly,10,Alpine,21.0,HARD,2.0,,,False,84.878
0 days 00:01:25.105000,13.0,Pierre Gasly,10,Alpine,22.0,HARD,2.0,,,False,85.105
0 days 00:01:26.161000,14.0,Pierre Gasly,10,Alpine,23.0,HARD,2.0,,,False,86.161
0 days 00:01:25.882000,14.0,Pierre Gasly,10,Alpine,24.0,HARD,2.0,,,False,85.882
0 days 00:01:25.988000,14.0,Pierre Gasly,10,Alpine,25.0,HARD,2.0,,,False,85.988
0 days 00:01:25.742000,14.0,Pierre Gasly,10,Alpine,26.0,HARD,2.0,,,False,85.742
0 days 00:01:27.191000,15.0,Pierre Gasly,10,Alpine,27.0,HARD,2.0,,,False,87.191
0 days 00:01:25.823000,15.0,Pierre Gasly,10,Alpine,28.0,HARD,2.0,,,False,85.823
0 days 00:01:26.079000,15.0,Pierre Gasly,10,Alpine,29.0,HARD,2.0,,,False,86.079
0 days 00:01:31.004000,17.0,Pierre Gasly,10,Alpine,30.0,HARD,2.0,0 days 01:39:22.472000,,True,91.004
0 days 00:01:45.757000,19.0,Pierre Gasly,10,Alpine,31.0,HARD,3.0,,0 days 01:39:46.654000,True,105.757
0 days 00:01:24.423000,19.0,Pierre Gasly,10,Alpine,32.0,HARD,3.0,,,False,84.423
0 days 00:01:24.252000,18.0,Pierre Gasly,10,Alpine,33.0,HARD,3.0,,,False,84.252
0 days 00:01:24.383000,17.0,Pierre Gasly,10,Alpine,34.0,HARD,3.0,,,False,84.383
0 days 00:01:24.822000,17.0,Pierre Gasly,10,Alpine,35.0,HARD,3.0,,,False,84.822
0 days 00:01:25.591000,17.0,Pierre Gasly,10,Alpine,36.0,HARD,3.0,,,False,85.591
0 days 00:01:24.386000,16.0,Pierre Gasly,10,Alpine,37.0,HARD,3.0,,,False,84.386
0 days 00:01:25.229000,17.0,Pierre Gasly,10,Alpine,38.0,HARD,3.0,,,False,85.229
0 days 00:01:24.591000,17.0,Pierre Gasly,10,Alpine,39.0,HARD,3.0,,,False,84.591
0 days 00:01:25.104000,17.0,Pierre Gasly,10,Alpine,40.0,HARD,3.0,,,False,85.104
0 days 00:01:25.772000,17.0,Pierre Gasly,10,Alpine,41.0,HARD,3.0,,,False,85.772
0 days 00:01:24.605000,16.0,Pierre Gasly,10,Alpine,42.0,HARD,3.0,,,False,84.605
0 days 00:01:25.142000,16.0,Pierre Gasly,10,Alpine,43.0,HARD,3.0,,,False,85.142
0 days 00:01:26.175000,16.0,Pierre Gasly,10,Alpine,44.0,HARD,3.0,,,False,86.175
0 days 00:01:25.425000,16.0,Pierre Gasly,10,Alpine,45.0,HARD,3.0,,,False,85.425
0 days 00:01:24.403000,16.0,Pierre Gasly,10,Alpine,46.0,HARD,3.0,,,False,84.403
0 days 00:01:23.923000,16.0,Pierre Gasly,10,Alpine,47.0,HARD,3.0,,,False,83.923
0 days 00:01:24.036000,16.0,Pierre Gasly,10,Alpine,48.0,HARD,3.0,,,False,84.036
0 days 00:01:23.852000,16.0,Pierre Gasly,10,Alpine,49.0,HARD,3.0,,,False,83.852
0 days 00:01:24.077000,16.0,Pierre Gasly,10,Alpine,50.0,HARD,3.0,,,False,84.077
0 days 00:01:23.755000,15.0,Pierre Gasly,10,Alpine,51.0,HARD,3.0,,,False,83.755
0 days 00:01:23.973000,15.0,Pierre Gasly,10,Alpine,52.0,HARD,3.0,,,False,83.973
0 days 00:01:36.375000,19.0,Valtteri Bottas,77,Kick Sauber,1.0,HARD,1.0,,,False,96.375
0 days 00:01:28.377000,19.0,Valtteri Bottas,77,Kick Sauber,2.0,HARD,1.0,,,False,88.377
0 days 00:01:26.918000,19.0,Valtteri Bottas,77,Kick Sauber,3.0,HARD,1.0,,,False,86.918
0 days 00:01:26.324000,19.0,Valtteri Bottas,77,Kick Sauber,4.0,HARD,1.0,,,False,86.324
0 days 00:01:28.242000,17.0,Valtteri Bottas,77,Kick Sauber,5.0,HARD,1.0,,,False,88.242
0 days 00:01:26.499000,17.0,Valtteri Bottas,77,Kick Sauber,6.0,HARD,1.0,,,False,86.499
0 days 00:01:26.359000,17.0,Valtteri Bottas,77,Kick Sauber,7.0,HARD,1.0,,,False,86.359
0 days 00:01:26.206000,17.0,Valtteri Bottas,77,Kick Sauber,8.0,HARD,1.0,,,False,86.206
0 days 00:01:26.188000,17.0,Valtteri Bottas,77,Kick Sauber,9.0,HARD,1.0,,,False,86.188
0 days 00:01:26.118000,16.0,Valtteri Bottas,77,Kick Sauber,10.0,HARD,1.0,,,False,86.118
0 days 00:01:26.470000,16.0,Valtteri Bottas,77,Kick Sauber,11.0,HARD,1.0,,,False,86.47
0 days 00:01:26.207000,14.0,Valtteri Bottas,77,Kick Sauber,12.0,HARD,1.0,,,False,86.207
0 days 00:01:26.349000,13.0,Valtteri Bottas,77,Kick Sauber,13.0,HARD,1.0,,,False,86.349
0 days 00:01:26.481000,13.0,Valtteri Bottas,77,Kick Sauber,14.0,HARD,1.0,,,False,86.481
0 days 00:01:26.790000,12.0,Valtteri Bottas,77,Kick Sauber,15.0,HARD,1.0,,,False,86.79
0 days 00:01:26.569000,11.0,Valtteri Bottas,77,Kick Sauber,16.0,HARD,1.0,,,False,86.569
0 days 00:01:26.396000,11.0,Valtteri Bottas,77,Kick Sauber,17.0,HARD,1.0,,,False,86.396
0 days 00:01:26.359000,10.0,Valtteri Bottas,77,Kick Sauber,18.0,HARD,1.0,,,False,86.359
0 days 00:01:26.456000,9.0,Valtteri Bottas,77,Kick Sauber,19.0,HARD,1.0,,,False,86.456
0 days 00:01:26.803000,9.0,Valtteri Bottas,77,Kick Sauber,20.0,HARD,1.0,,,False,86.803
0 days 00:01:27.230000,10.0,Valtteri Bottas,77,Kick Sauber,21.0,HARD,1.0,,,False,87.23
0 days 00:01:27.404000,11.0,Valtteri Bottas,77,Kick Sauber,22.0,HARD,1.0,,,False,87.404
0 days 00:01:26.943000,11.0,Valtteri Bottas,77,Kick Sauber,23.0,HARD,1.0,,,False,86.943
0 days 00:01:26.542000,11.0,Valtteri Bottas,77,Kick Sauber,24.0,HARD,1.0,,,False,86.542
0 days 00:01:26.863000,12.0,Valtteri Bottas,77,Kick Sauber,25.0,HARD,1.0,,,False,86.863
0 days 00:01:26.885000,13.0,Valtteri Bottas,77,Kick Sauber,26.0,HARD,1.0,,,False,86.885
0 days 00:01:26.309000,13.0,Valtteri Bottas,77,Kick Sauber,27.0,HARD,1.0,,,False,86.309
0 days 00:01:25.804000,13.0,Valtteri Bottas,77,Kick Sauber,28.0,HARD,1.0,,,False,85.804
0 days 00:01:26.827000,14.0,Valtteri Bottas,77,Kick Sauber,29.0,HARD,1.0,,,False,86.827
0 days 00:01:26.022000,14.0,Valtteri Bottas,77,Kick Sauber,30.0,HARD,1.0,,,False,86.022
0 days 00:01:26.004000,14.0,Valtteri Bottas,77,Kick Sauber,31.0,HARD,1.0,,,False,86.004
0 days 00:01:27.859000,15.0,Valtteri Bottas,77,Kick Sauber,32.0,HARD,1.0,,,False,87.859
0 days 00:01:30.924000,15.0,Valtteri Bottas,77,Kick Sauber,33.0,HARD,1.0,0 days 01:43:41.062000,,True,90.924
0 days 00:01:45.462000,18.0,Valtteri Bottas,77,Kick Sauber,34.0,MEDIUM,2.0,,0 days 01:44:05.537000,True,105.462
0 days 00:01:25.336000,18.0,Valtteri Bottas,77,Kick Sauber,35.0,MEDIUM,2.0,,,False,85.336
0 days 00:01:25.114000,18.0,Valtteri Bottas,77,Kick Sauber,36.0,MEDIUM,2.0,,,False,85.114
0 days 00:01:25.213000,18.0,Valtteri Bottas,77,Kick Sauber,37.0,MEDIUM,2.0,,,False,85.213
0 days 00:01:26.704000,18.0,Valtteri Bottas,77,Kick Sauber,38.0,MEDIUM,2.0,,,False,86.704
0 days 00:01:25.081000,18.0,Valtteri Bottas,77,Kick Sauber,39.0,MEDIUM,2.0,,,False,85.081
0 days 00:01:25.160000,18.0,Valtteri Bottas,77,Kick Sauber,40.0,MEDIUM,2.0,,,False,85.16
0 days 00:01:26.310000,18.0,Valtteri Bottas,77,Kick Sauber,41.0,MEDIUM,2.0,,,False,86.31
0 days 00:01:26.036000,18.0,Valtteri Bottas,77,Kick Sauber,42.0,MEDIUM,2.0,,,False,86.036
0 days 00:01:24.637000,18.0,Valtteri Bottas,77,Kick Sauber,43.0,MEDIUM,2.0,,,False,84.637
0 days 00:01:24.792000,18.0,Valtteri Bottas,77,Kick Sauber,44.0,MEDIUM,2.0,,,False,84.792
0 days 00:01:24.588000,18.0,Valtteri Bottas,77,Kick Sauber,45.0,MEDIUM,2.0,,,False,84.588
0 days 00:01:24.358000,18.0,Valtteri Bottas,77,Kick Sauber,46.0,MEDIUM,2.0,,,False,84.358
0 days 00:01:24.089000,17.0,Valtteri Bottas,77,Kick Sauber,47.0,MEDIUM,2.0,,,False,84.089
0 days 00:01:25.126000,17.0,Valtteri Bottas,77,Kick Sauber,48.0,MEDIUM,2.0,,,False,85.126
0 days 00:01:23.885000,17.0,Valtteri Bottas,77,Kick Sauber,49.0,MEDIUM,2.0,,,False,83.885
0 days 00:01:24.357000,17.0,Valtteri Bottas,77,Kick Sauber,50.0,MEDIUM,2.0,,,False,84.357
0 days 00:01:23.979000,16.0,Valtteri Bottas,77,Kick Sauber,51.0,MEDIUM,2.0,,,False,83.979
0 days 00:01:23.609000,16.0,Valtteri Bottas,77,Kick Sauber,52.0,MEDIUM,2.0,,,False,83.609
0 days 00:01:35.519000,16.0,Nico Hulkenberg,27,Haas F1 Team,1.0,MEDIUM,1.0,,,False,95.519
0 days 00:01:27.512000,16.0,Nico Hulkenberg,27,Haas F1 Team,2.0,MEDIUM,1.0,,,False,87.512
0 days 00:01:26.434000,16.0,Nico Hulkenberg,27,Haas F1 Team,3.0,MEDIUM,1.0,,,False,86.434
0 days 00:01:26.541000,16.0,Nico Hulkenberg,27,Haas F1 Team,4.0,MEDIUM,1.0,,,False,86.541
0 days 00:01:31.729000,18.0,Nico Hulkenberg,27,Haas F1 Team,5.0,MEDIUM,1.0,0 days 01:03:14.706000,,True,91.729
0 days 00:02:00.178000,20.0,Nico Hulkenberg,27,Haas F1 Team,6.0,HARD,2.0,,0 days 01:03:53.551000,True,120.178
0 days 00:01:25.882000,20.0,Nico Hulkenberg,27,Haas F1 Team,7.0,HARD,2.0,,,False,85.882
0 days 00:01:25.351000,19.0,Nico Hulkenberg,27,Haas F1 Team,8.0,HARD,2.0,,,False,85.351
0 days 00:01:25.191000,19.0,Nico Hulkenberg,27,Haas F1 Team,9.0,HARD,2.0,,,False,85.191
0 days 00:01:25.194000,19.0,Nico Hulkenberg,27,Haas F1 Team,10.0,HARD,2.0,,,False,85.194
0 days 00:01:25.322000,19.0,Nico Hulkenberg,27,Haas F1 Team,11.0,HARD,2.0,,,False,85.322
0 days 00:01:25.166000,19.0,Nico Hulkenberg,27,Haas F1 Team,12.0,HARD,2.0,,,False,85.166
0 days 00:01:24.983000,19.0,Nico Hulkenberg,27,Haas F1 Team,13.0,HARD,2.0,,,False,84.983
0 days 00:01:25.014000,19.0,Nico Hulkenberg,27,Haas F1 Team,14.0,HARD,2.0,,,False,85.014
0 days 00:01:25.862000,19.0,Nico Hulkenberg,27,Haas F1 Team,15.0,HARD,2.0,,,False,85.862
0 days 00:01:25.017000,18.0,Nico Hulkenberg,27,Haas F1 Team,16.0,HARD,2.0,,,False,85.017
0 days 00:01:26.119000,18.0,Nico Hulkenberg,27,Haas F1 Team,17.0,HARD,2.0,,,False,86.119
0 days 00:01:25.465000,18.0,Nico Hulkenberg,27,Haas F1 Team,18.0,HARD,2.0,,,False,85.465
0 days 00:01:25.326000,18.0,Nico Hulkenberg,27,Haas F1 Team,19.0,HARD,2.0,,,False,85.326
0 days 00:01:26.113000,18.0,Nico Hulkenberg,27,Haas F1 Team,20.0,HARD,2.0,,,False,86.113
0 days 00:01:25.735000,18.0,Nico Hulkenberg,27,Haas F1 Team,21.0,HARD,2.0,,,False,85.735
0 days 00:01:25.565000,18.0,Nico Hulkenberg,27,Haas F1 Team,22.0,HARD,2.0,,,False,85.565
0 days 00:01:25.632000,18.0,Nico Hulkenberg,27,Haas F1 Team,23.0,HARD,2.0,,,False,85.632
0 days 00:01:25.608000,18.0,Nico Hulkenberg,27,Haas F1 Team,24.0,HARD,2.0,,,False,85.608
0 days 00:01:25.716000,18.0,Nico Hulkenberg,27,Haas F1 Team,25.0,HARD,2.0,,,False,85.716
0 days 00:01:25.506000,18.0,Nico Hulkenberg,27,Haas F1 Team,26.0,HARD,2.0,,,False,85.506
0 days 00:01:25.674000,18.0,Nico Hulkenberg,27,Haas F1 Team,27.0,HARD,2.0,,,False,85.674
0 days 00:01:25.430000,18.0,Nico Hulkenberg,27,Haas F1 Team,28.0,HARD,2.0,,,False,85.43
0 days 00:01:25.570000,18.0,Nico Hulkenberg,27,Haas F1 Team,29.0,HARD,2.0,,,False,85.57
0 days 00:01:25.628000,18.0,Nico Hulkenberg,27,Haas F1 Team,30.0,HARD,2.0,,,False,85.628
0 days 00:01:25.142000,17.0,Nico Hulkenberg,27,Haas F1 Team,31.0,HARD,2.0,,,False,85.142
0 days 00:01:29.903000,17.0,Nico Hulkenberg,27,Haas F1 Team,32.0,HARD,2.0,0 days 01:42:22.031000,,True,89.903
0 days 00:01:56.554000,19.0,Nico Hulkenberg,27,Haas F1 Team,33.0,HARD,3.0,,0 days 01:42:58.595000,True,116.554
0 days 00:01:23.587000,19.0,Nico Hulkenberg,27,Haas F1 Team,34.0,HARD,3.0,,,False,83.587
0 days 00:01:23.761000,19.0,Nico Hulkenberg,27,Haas F1 Team,35.0,HARD,3.0,,,False,83.761
0 days 00:01:23.772000,19.0,Nico Hulkenberg,27,Haas F1 Team,36.0,HARD,3.0,,,False,83.772
0 days 00:01:27.809000,19.0,Nico Hulkenberg,27,Haas F1 Team,37.0,HARD,3.0,,,False,87.809
0 days 00:01:23.880000,19.0,Nico Hulkenberg,27,Haas F1 Team,38.0,HARD,3.0,,,False,83.88
0 days 00:01:24.019000,19.0,Nico Hulkenberg,27,Haas F1 Team,39.0,HARD,3.0,,,False,84.019
0 days 00:01:23.621000,19.0,Nico Hulkenberg,27,Haas F1 Team,40.0,HARD,3.0,,,False,83.621
0 days 00:01:23.449000,19.0,Nico Hulkenberg,27,Haas F1 Team,41.0,HARD,3.0,,,False,83.449
0 days 00:01:23.624000,19.0,Nico Hulkenberg,27,Haas F1 Team,42.0,HARD,3.0,,,False,83.624
0 days 00:01:23.591000,19.0,Nico Hulkenberg,27,Haas F1 Team,43.0,HARD,3.0,,,False,83.591
0 days 00:01:23.275000,19.0,Nico Hulkenberg,27,Haas F1 Team,44.0,HARD,3.0,,,False,83.275
0 days 00:01:23.807000,19.0,Nico Hulkenberg,27,Haas F1 Team,45.0,HARD,3.0,,,False,83.807
0 days 00:01:24.107000,19.0,Nico Hulkenberg,27,Haas F1 Team,46.0,HARD,3.0,,,False,84.107
0 days 00:01:26.991000,19.0,Nico Hulkenberg,27,Haas F1 Team,47.0,HARD,3.0,,,False,86.991
0 days 00:01:25.125000,19.0,Nico Hulkenberg,27,Haas F1 Team,48.0,HARD,3.0,,,False,85.125
0 days 00:01:23.404000,18.0,Nico Hulkenberg,27,Haas F1 Team,49.0,HARD,3.0,,,False,83.404
0 days 00:01:24.017000,18.0,Nico Hulkenberg,27,Haas F1 Team,50.0,HARD,3.0,,,False,84.017
0 days 00:01:24.211000,17.0,Nico Hulkenberg,27,Haas F1 Team,51.0,HARD,3.0,,,False,84.211
0 days 00:01:23.966000,17.0,Nico Hulkenberg,27,Haas F1 Team,52.0,HARD,3.0,,,False,83.966
0 days 00:01:36.732000,20.0,Guanyu Zhou,24,Kick Sauber,1.0,MEDIUM,1.0,,,False,96.732
0 days 00:01:28.721000,20.0,Guanyu Zhou,24,Kick Sauber,2.0,MEDIUM,1.0,,,False,88.721
0 days 00:01:26.997000,20.0,Guanyu Zhou,24,Kick Sauber,3.0,MEDIUM,1.0,,,False,86.997
0 days 00:01:26.226000,20.0,Guanyu Zhou,24,Kick Sauber,4.0,MEDIUM,1.0,,,False,86.226
0 days 00:01:29.256000,20.0,Guanyu Zhou,24,Kick Sauber,5.0,MEDIUM,1.0,,,False,89.256
0 days 00:01:25.942000,18.0,Guanyu Zhou,24,Kick Sauber,6.0,MEDIUM,1.0,,,False,85.942
0 days 00:01:26.381000,18.0,Guanyu Zhou,24,Kick Sauber,7.0,MEDIUM,1.0,,,False,86.381
0 days 00:01:26.411000,18.0,Guanyu Zhou,24,Kick Sauber,8.0,MEDIUM,1.0,,,False,86.411
0 days 00:01:26.315000,18.0,Guanyu Zhou,24,Kick Sauber,9.0,MEDIUM,1.0,,,False,86.315
0 days 00:01:26.128000,18.0,Guanyu Zhou,24,Kick Sauber,10.0,MEDIUM,1.0,,,False,86.128
0 days 00:01:26.488000,17.0,Guanyu Zhou,24,Kick Sauber,11.0,MEDIUM,1.0,,,False,86.488
0 days 00:01:26.348000,15.0,Guanyu Zhou,24,Kick Sauber,12.0,MEDIUM,1.0,,,False,86.348
0 days 00:01:26.802000,14.0,Guanyu Zhou,24,Kick Sauber,13.0,MEDIUM,1.0,,,False,86.802
0 days 00:01:27.092000,14.0,Guanyu Zhou,24,Kick Sauber,14.0,MEDIUM,1.0,,,False,87.092
0 days 00:01:32.048000,13.0,Guanyu Zhou,24,Kick Sauber,15.0,MEDIUM,1.0,0 days 01:17:44.783000,,True,92.048
0 days 00:01:49.128000,19.0,Guanyu Zhou,24,Kick Sauber,16.0,HARD,2.0,,0 days 01:18:12.028000,True,109.128
0 days 00:01:25.092000,19.0,Guanyu Zhou,24,Kick Sauber,17.0,HARD,2.0,,,False,85.092
0 days 00:01:25.245000,19.0,Guanyu Zhou,24,Kick Sauber,18.0,HARD,2.0,,,False,85.245
0 days 00:01:25.777000,19.0,Guanyu Zhou,24,Kick Sauber,19.0,HARD,2.0,,,False,85.777
0 days 00:01:25.588000,19.0,Guanyu Zhou,24,Kick Sauber,20.0,HARD,2.0,,,False,85.588
0 days 00:01:25.743000,19.0,Guanyu Zhou,24,Kick Sauber,21.0,HARD,2.0,,,False,85.743
0 days 00:01:25.876000,19.0,Guanyu Zhou,24,Kick Sauber,22.0,HARD,2.0,,,False,85.876
0 days 00:01:26.061000,19.0,Guanyu Zhou,24,Kick Sauber,23.0,HARD,2.0,,,False,86.061
0 days 00:01:26.041000,19.0,Guanyu Zhou,24,Kick Sauber,24.0,HARD,2.0,,,False,86.041
0 days 00:01:25.583000,19.0,Guanyu Zhou,24,Kick Sauber,25.0,HARD,2.0,,,False,85.583
0 days 00:01:25.549000,19.0,Guanyu Zhou,24,Kick Sauber,26.0,HARD,2.0,,,False,85.549
0 days 00:01:25.603000,19.0,Guanyu Zhou,24,Kick Sauber,27.0,HARD,2.0,,,False,85.603
0 days 00:01:25.699000,19.0,Guanyu Zhou,24,Kick Sauber,28.0,HARD,2.0,,,False,85.699
0 days 00:01:25.515000,19.0,Guanyu Zhou,24,Kick Sauber,29.0,HARD,2.0,,,False,85.515
0 days 00:01:25.491000,19.0,Guanyu Zhou,24,Kick Sauber,30.0,HARD,2.0,,,False,85.491
0 days 00:01:25.478000,18.0,Guanyu Zhou,24,Kick Sauber,31.0,HARD,2.0,,,False,85.478
0 days 00:01:25.356000,18.0,Guanyu Zhou,24,Kick Sauber,32.0,HARD,2.0,,,False,85.356
0 days 00:01:25.451000,17.0,Guanyu Zhou,24,Kick Sauber,33.0,HARD,2.0,,,False,85.451
0 days 00:01:25.487000,16.0,Guanyu Zhou,24,Kick Sauber,34.0,HARD,2.0,,,False,85.487
0 days 00:01:25.520000,16.0,Guanyu Zhou,24,Kick Sauber,35.0,HARD,2.0,,,False,85.52
0 days 00:01:26.606000,16.0,Guanyu Zhou,24,Kick Sauber,36.0,HARD,2.0,,,False,86.606
0 days 00:01:25.205000,15.0,Guanyu Zhou,24,Kick Sauber,37.0,HARD,2.0,,,False,85.205
0 days 00:01:26.652000,15.0,Guanyu Zhou,24,Kick Sauber,38.0,HARD,2.0,,,False,86.652
0 days 00:01:25.584000,15.0,Guanyu Zhou,24,Kick Sauber,39.0,HARD,2.0,,,False,85.584
0 days 00:01:25.820000,15.0,Guanyu Zhou,24,Kick Sauber,40.0,HARD,2.0,,,False,85.82
0 days 00:01:26.437000,16.0,Guanyu Zhou,24,Kick Sauber,41.0,HARD,2.0,,,False,86.437
0 days 00:01:27.640000,17.0,Guanyu Zhou,24,Kick Sauber,42.0,HARD,2.0,,,False,87.64
0 days 00:01:26.916000,17.0,Guanyu Zhou,24,Kick Sauber,43.0,HARD,2.0,,,False,86.916
0 days 00:01:26.918000,17.0,Guanyu Zhou,24,Kick Sauber,44.0,HARD,2.0,,,False,86.918
0 days 00:01:25.632000,17.0,Guanyu Zhou,24,Kick Sauber,45.0,HARD,2.0,,,False,85.632
0 days 00:01:25.857000,17.0,Guanyu Zhou,24,Kick Sauber,46.0,HARD,2.0,,,False,85.857
0 days 00:01:27.442000,18.0,Guanyu Zhou,24,Kick Sauber,47.0,HARD,2.0,,,False,87.442
0 days 00:01:25.840000,18.0,Guanyu Zhou,24,Kick Sauber,48.0,HARD,2.0,,,False,85.84
0 days 00:01:26.298000,19.0,Guanyu Zhou,24,Kick Sauber,49.0,HARD,2.0,,,False,86.298
0 days 00:01:25.539000,19.0,Guanyu Zhou,24,Kick Sauber,50.0,HARD,2.0,,,False,85.539
0 days 00:01:25.946000,18.0,Guanyu Zhou,24,Kick Sauber,51.0,HARD,2.0,,,False,85.946
0 days 00:01:27.280000,18.0,Guanyu Zhou,24,Kick Sauber,52.0,HARD,2.0,,,False,87.28
0 days 00:01:35.810000,17.0,Lance Stroll,18,Aston Martin,1.0,HARD,1.0,,,False,95.81
0 days 00:01:28.342000,18.0,Lance Stroll,18,Aston Martin,2.0,HARD,1.0,,,False,88.342
0 days 00:01:26.734000,18.0,Lance Stroll,18,Aston Martin,3.0,HARD,1.0,,,False,86.734
0 days 00:01:26.253000,18.0,Lance Stroll,18,Aston Martin,4.0,HARD,1.0,,,False,86.253
0 days 00:01:27.234000,16.0,Lance Stroll,18,Aston Martin,5.0,HARD,1.0,,,False,87.234
0 days 00:01:25.558000,16.0,Lance Stroll,18,Aston Martin,6.0,HARD,1.0,,,False,85.558
0 days 00:01:26.208000,15.0,Lance Stroll,18,Aston Martin,7.0,HARD,1.0,,,False,86.208
0 days 00:01:25.799000,15.0,Lance Stroll,18,Aston Martin,8.0,HARD,1.0,,,False,85.799
0 days 00:01:26.024000,15.0,Lance Stroll,18,Aston Martin,9.0,HARD,1.0,,,False,86.024
0 days 00:01:26.182000,14.0,Lance Stroll,18,Aston Martin,10.0,HARD,1.0,,,False,86.182
0 days 00:01:25.675000,13.0,Lance Stroll,18,Aston Martin,11.0,HARD,1.0,,,False,85.675
0 days 00:01:25.947000,12.0,Lance Stroll,18,Aston Martin,12.0,HARD,1.0,,,False,85.947
0 days 00:01:26.143000,11.0,Lance Stroll,18,Aston Martin,13.0,HARD,1.0,,,False,86.143
0 days 00:01:25.895000,10.0,Lance Stroll,18,Aston Martin,14.0,HARD,1.0,,,False,85.895
0 days 00:01:26.986000,10.0,Lance Stroll,18,Aston Martin,15.0,HARD,1.0,,,False,86.986
0 days 00:01:26.593000,9.0,Lance Stroll,18,Aston Martin,16.0,HARD,1.0,,,False,86.593
0 days 00:01:26.584000,9.0,Lance Stroll,18,Aston Martin,17.0,HARD,1.0,,,False,86.584
0 days 00:01:27.524000,9.0,Lance Stroll,18,Aston Martin,18.0,HARD,1.0,,,False,87.524
0 days 00:01:31.321000,10.0,Lance Stroll,18,Aston Martin,19.0,HARD,1.0,0 days 01:23:23.821000,,True,91.321
0 days 00:01:45.665000,17.0,Lance Stroll,18,Aston Martin,20.0,HARD,2.0,,0 days 01:23:48.876000,True,105.665
0 days 00:01:24.721000,17.0,Lance Stroll,18,Aston Martin,21.0,HARD,2.0,,,False,84.721
0 days 00:01:24.721000,17.0,Lance Stroll,18,Aston Martin,22.0,HARD,2.0,,,False,84.721
0 days 00:01:24.659000,17.0,Lance Stroll,18,Aston Martin,23.0,HARD,2.0,,,False,84.659
0 days 00:01:24.768000,17.0,Lance Stroll,18,Aston Martin,24.0,HARD,2.0,,,False,84.768
0 days 00:01:24.743000,17.0,Lance Stroll,18,Aston Martin,25.0,HARD,2.0,,,False,84.743
0 days 00:01:24.491000,17.0,Lance Stroll,18,Aston Martin,26.0,HARD,2.0,,,False,84.491
0 days 00:01:24.437000,17.0,Lance Stroll,18,Aston Martin,27.0,HARD,2.0,,,False,84.437
0 days 00:01:24.618000,17.0,Lance Stroll,18,Aston Martin,28.0,HARD,2.0,,,False,84.618
0 days 00:01:25.397000,17.0,Lance Stroll,18,Aston Martin,29.0,HARD,2.0,,,False,85.397
0 days 00:01:26.377000,16.0,Lance Stroll,18,Aston Martin,30.0,HARD,2.0,,,False,86.377
0 days 00:01:24.749000,16.0,Lance Stroll,18,Aston Martin,31.0,HARD,2.0,,,False,84.749
0 days 00:01:25.576000,14.0,Lance Stroll,18,Aston Martin,32.0,HARD,2.0,,,False,85.576
0 days 00:01:24.947000,14.0,Lance Stroll,18,Aston Martin,33.0,HARD,2.0,,,False,84.947
0 days 00:01:24.856000,14.0,Lance Stroll,18,Aston Martin,34.0,HARD,2.0,,,False,84.856
0 days 00:01:24.863000,14.0,Lance Stroll,18,Aston Martin,35.0,HARD,2.0,,,False,84.863
0 days 00:01:29.334000,13.0,Lance Stroll,18,Aston Martin,36.0,HARD,2.0,0 days 01:47:52.793000,,True,89.334
0 days 00:01:43.775000,17.0,Lance Stroll,18,Aston Martin,37.0,MEDIUM,3.0,,0 days 01:48:17.093000,True,103.775
0 days 00:01:23.617000,16.0,Lance Stroll,18,Aston Martin,38.0,MEDIUM,3.0,,,False,83.617
0 days 00:01:24.430000,16.0,Lance Stroll,18,Aston Martin,39.0,MEDIUM,3.0,,,False,84.43
0 days 00:01:25.777000,16.0,Lance Stroll,18,Aston Martin,40.0,MEDIUM,3.0,,,False,85.777
0 days 00:01:23.702000,15.0,Lance Stroll,18,Aston Martin,41.0,MEDIUM,3.0,,,False,83.702
0 days 00:01:23.823000,15.0,Lance Stroll,18,Aston Martin,42.0,MEDIUM,3.0,,,False,83.823
0 days 00:01:23.810000,15.0,Lance Stroll,18,Aston Martin,43.0,MEDIUM,3.0,,,False,83.81
0 days 00:01:23.654000,15.0,Lance Stroll,18,Aston Martin,44.0,MEDIUM,3.0,,,False,83.654
0 days 00:01:23.427000,15.0,Lance Stroll,18,Aston Martin,45.0,MEDIUM,3.0,,,False,83.427
0 days 00:01:23.906000,15.0,Lance Stroll,18,Aston Martin,46.0,MEDIUM,3.0,,,False,83.906
0 days 00:01:24.014000,15.0,Lance Stroll,18,Aston Martin,47.0,MEDIUM,3.0,,,False,84.014
0 days 00:01:26.104000,15.0,Lance Stroll,18,Aston Martin,48.0,MEDIUM,3.0,,,False,86.104
0 days 00:01:25.064000,15.0,Lance Stroll,18,Aston Martin,49.0,MEDIUM,3.0,,,False,85.064
0 days 00:01:30.186000,15.0,Lance Stroll,18,Aston Martin,50.0,MEDIUM,3.0,0 days 02:07:58.096000,,True,90.186
0 days 00:01:50.980000,19.0,Lance Stroll,18,Aston Martin,51.0,SOFT,4.0,,0 days 02:08:23.328000,True,110.98
0 days 00:01:22.232000,19.0,Lance Stroll,18,Aston Martin,52.0,SOFT,4.0,,,False,82.232
0 days 00:01:35.235000,14.0,Yuki Tsunoda,22,RB,1.0,HARD,1.0,,,False,95.235
0 days 00:01:27.538000,15.0,Yuki Tsunoda,22,RB,2.0,HARD,1.0,,,False,87.538
0 days 00:01:26.665000,15.0,Yuki Tsunoda,22,RB,3.0,HARD,1.0,,,False,86.665
0 days 00:01:26.198000,15.0,Yuki Tsunoda,22,RB,4.0,HARD,1.0,,,False,86.198
0 days 00:01:32.241000,19.0,Yuki Tsunoda,22,RB,5.0,HARD,1.0,,,False,92.241
0 days 00:01:28.473000,19.0,Yuki Tsunoda,22,RB,6.0,HARD,1.0,,,False,88.473
0 days 00:01:40.319000,19.0,Yuki Tsunoda,22,RB,7.0,HARD,1.0,0 days 01:06:23.674000,,True,100.319
